<?xml version="1.0" encoding="UTF-8"?>

<CapabilityStatement xmlns="http://hl7.org/fhir">
  <id value="server"/>
  <text>
    <status value="generated"/><div xmlns="http://www.w3.org/1999/xhtml">
			<h2>US Core  Server</h2>
			<p>(Requirements Definition)</p>
			<p>Published: 2016-08-10 (draft)</p>
			<p>Published by: <b>U.S. Office of the National Coordinator (ONC)</b>
			</p>
			<p>This profile defines the expected capabilities of the US Core  Server actor when conforming to the US-Core IG  The statement includes the complete list of actual profiles, RESTful operations, search parameters supported by US Core Servers. US Core Requesters have the option of choosing from this list to access necessary data based on their local use cases and other contextual requirements.</p>
			<h2>General</h2>
			<table>
				<tbody>
					<tr>
						<th>FHIR Version:</th>
						<td>1.8.0</td>
					</tr>
					<tr>
						<th>Accepts elements from future versions:</th>
						<td>extensions</td>
					</tr>
					<tr>
						<th>Supported formats:</th>
						<td>xml, json</td>
					</tr>
					<tr>
						<th>Supported profiles:</th>
						<td>
							<p>
								<a href="http://hl7.org/fhir/us/core/StructureDefinition-us-core-allergyintolerance.html">US CORE ALLERGYINTOLERANCE</a>
							</p>
							<p>
								<a href="http://hl7.org/fhir/us/core/StructureDefinition-us-core-careplan.html">US CORE CAREPLAN</a>
							</p>
							<p>
								<a href="http://hl7.org/fhir/us/core/StructureDefinition-us-core-careteam.html">US CORE CARETEAM</a>
							</p>
							<p>
								<a href="http://hl7.org/fhir/us/core/StructureDefinition-us-core-condition.html">US CORE CONDITION</a>
							</p>
							<p>
								<a href="http://hl7.org/fhir/us/core/StructureDefinition-us-core-device.html">US CORE DEVICE</a>
							</p>
							<p>
								<a href="http://hl7.org/fhir/us/core/StructureDefinition-us-core-goal.html">US CORE GOAL</a>
							</p>
							<p>
								<a href="http://hl7.org/fhir/us/core/StructureDefinition-us-core-immunization.html">US CORE IMMUNIZATION</a>
							</p>
							<p>
								<a href="http://hl7.org/fhir/us/core/StructureDefinition-us-core-diagnosticreport.html">US CORE DIAGNOSTICREPORT</a>
							</p>
							<p>
								<a href="http://hl7.org/fhir/us/core/StructureDefinition-us-core-observationresults.html">US CORE OBSERVATIONRESULTS</a>
							</p>
							<p>
								<a href="http://hl7.org/fhir/us/core/StructureDefinition-us-core-location.html">US CORE LOCATION</a>
							</p>
							<p>
								<a href="http://hl7.org/fhir/us/core/StructureDefinition-us-core-medication.html">US CORE MEDICATION</a>
							</p>
							<p>
								<a href="http://hl7.org/fhir/us/core/StructureDefinition-us-core-medicationrequest.html">US CORE MEDICATIONREQUEST</a>
							</p>
							<p>
								<a href="http://hl7.org/fhir/us/core/StructureDefinition-us-core-vitalsigns.html">US CORE VITALSIGNS</a>
							</p>
							<p>
								<a href="http://hl7.org/fhir/us/core/StructureDefinition-us-core-patient.html">US CORE PATIENT</a>
							</p>
							<p>
								<a href="http://hl7.org/fhir/us/core/StructureDefinition-us-core-pract.html">US CORE PRACT</a>
							</p>
							<p>
								<a href="http://hl7.org/fhir/us/core/StructureDefinition-us-core-procedure.html">US CORE PROCEDURE</a>
							</p>
						</td>
					</tr>
				</tbody>
			</table>
			<h2>REST  behavior</h2>
			<p>
				<h4>The US Core  Server SHALL:</h4>     1.Support the US Core Patient resource profile.      2.Support at least one additional resource profile from the list of US Core Profiles      2. Implement REST behavior according to the FHIR specification      3.  Support json resource formats for all US Core interactions.      4. Identify the US Core profile(s) supported as part of the FHIR <a href="http://hl7.org/fhir/2017Jan/resource-definitions.html#Meta.profile">Meta profile attribute</a> for each instance.     5.  Declare a CapabilityStatement identifying the list of profiles, operations, search parameter supported.                <h4>The US Core  Server SHOULD:</h4>     1. Support xml resource formats for all US Core interactions.  </p>
			<p>
				<b>Security:</b>
			</p>
			<p>US Core  Servers <b>SHALL</b> implement the <a href="security.html">security requirements</a>  documented in the US-Core IG.</p>
			<h3>Profile summary</h3>
			<table class="grid">
				<thead>
					<tr>
						<th>Profile (Resource)</th>
						<th>Search</th>
						<th>Read</th>
						<th>Read Version</th>
						<th>Instance History</th>
						<th>Resource History</th>
						<th>Create</th>
						<th>Update</th>
						<th>Delete</th>
					</tr>
				</thead>
				<tbody>
					<tr>
						<th>
							<a href="http://hl7.org/fhir/us/core/StructureDefinition-us-core-patient.html">US CORE PATIENT</a> (Patient)</th>
						<td>
							<a href="#Patient-search-type" title="Allows discovery of existing US Core patient resources using different search criteria">SHALL</a>
						</td>
						<td>
							<a href="#Patient-read" title="Allows retrieval of a specific US Core patients by id">SHALL</a>
						</td>
						<td>
							<a href="#Patient-vread" title="Allows retrieval of a historical version of a US Core patient instance">SHOULD</a>
						</td>
						<td>
							<a href="#Patient-history-instance" title="Allows review of changes to US Core patient instance over time">SHOULD</a>
						</td>
						<td/>
						<td/>
						<td/>
						<td/>
					</tr>
					<tr>
						<th>
							<a href="http://hl7.org/fhir/us/core/StructureDefinition-us-core-allergyintolerance.html">US CORE ALLERGYINTOLERANCE</a> (AllergyIntolerance)</th>
						<td>
							<a href="#AllergyIntolerance-search-type" title="Allows discovery of existing US Core AllergyIntolerance resources using different search criteria">SHALL</a>
						</td>
						<td>
							<a href="#AllergyIntolerance-read" title="Allows retrieval of a specific US Core AllergyIntolerance by id">SHALL</a>
						</td>
						<td>
							<a href="#AllergyIntolerance-vread" title="Allows retrieval of a historical version of a US Core AllergyIntolerance instance">SHOULD</a>
						</td>
						<td>
							<a href="#AllergyIntolerance-history-instance" title="Allows review of changes to US Core AllergyIntolerance instance over time">SHOULD</a>
						</td>
						<td/>
						<td/>
						<td/>
						<td/>
					</tr>
					<tr>
						<th>
							<a href="http://hl7.org/fhir/us/core/StructureDefinition-us-core-careplan.html">US CORE CAREPLAN</a> (CarePlan)</th>
						<td>
							<a href="#CarePlan-search-type" title="Allows discovery of existing US Core careplan resources using different search criteria">SHALL</a>
						</td>
						<td>
							<a href="#CarePlan-read" title="Allows retrieval of a specific US Core careplan by id">SHALL</a>
						</td>
						<td>
							<a href="#CarePlan-vread" title="Allows retrieval of a historical version of a US Core careplan instance">SHOULD</a>
						</td>
						<td>
							<a href="#CarePlan-history-instance" title="Allows review of changes to US Core careplan instance over time">SHOULD</a>
						</td>
						<td/>
						<td/>
						<td/>
						<td/>
					</tr>
					<tr>
						<th>
							<a href="http://hl7.org/fhir/us/core/StructureDefinition-us-core-careteam.html">US CORE CARETEAM</a> (CareTeam)</th>
						<td>
							<a href="#CareTeam-search-type" title="Allows discovery of existing US Core careteam resources using different search criteria">SHALL</a>
						</td>
						<td>
							<a href="#CareTeam-read" title="Allows retrieval of a specific US Core careteam by id">SHALL</a>
						</td>
						<td>
							<a href="#CareTeam-vread" title="Allows retrieval of a historical version of a US Core careteam instance">SHOULD</a>
						</td>
						<td>
							<a href="#CareTeam-history-instance" title="Allows review of changes to US Core careteam instance over time">SHOULD</a>
						</td>
						<td/>
						<td/>
						<td/>
						<td/>
					</tr>
					<tr>
						<th>
							<a href="http://hl7.org/fhir/us/core/StructureDefinition-us-core-condition.html">US CORE CONDITION</a> (Condition)</th>
						<td>
							<a href="#Condition-search-type" title="Allows discovery of existing US Core condition resources using different search criteria">SHALL</a>
						</td>
						<td>
							<a href="#Condition-read" title="Allows retrieval of a specific US Core condition by id">SHALL</a>
						</td>
						<td>
							<a href="#Condition-vread" title="Allows retrieval of a historical version of a US Core condition instance">SHOULD</a>
						</td>
						<td>
							<a href="#Condition-history-instance" title="Allows review of changes to US Core condition instance over time">SHOULD</a>
						</td>
						<td/>
						<td/>
						<td/>
						<td/>
					</tr>
					<tr>
						<th>
							<a href="http://hl7.org/fhir/us/core/StructureDefinition-us-core-device.html">US CORE DEVICE</a> (Device)</th>
						<td>
							<a href="#Device-search-type" title="Allows discovery of existing US Core device resources using different search criteria">SHALL</a>
						</td>
						<td>
							<a href="#Device-read" title="Allows retrieval of a specific US Core device by id">SHALL</a>
						</td>
						<td>
							<a href="#Device-vread" title="Allows retrieval of a historical version of a US Core device instance">SHOULD</a>
						</td>
						<td>
							<a href="#Device-history-instance" title="Allows review of changes to US Core device instance over time">SHOULD</a>
						</td>
						<td/>
						<td/>
						<td/>
						<td/>
					</tr>
					<tr>
						<th>
							<a href="http://hl7.org/fhir/us/core/StructureDefinition-us-core-Goal.html">US CORE GOAL</a> (Goal)</th>
						<td>
							<a href="#Goal-search-type" title="Allows discovery of existing US Core Goal resources using different search criteria">SHALL</a>
						</td>
						<td>
							<a href="#Goal-read" title="Allows retrieval of a specific US Core Goal by id">SHALL</a>
						</td>
						<td>
							<a href="#Goal-vread" title="Allows retrieval of a historical version of a US Core Goal instance">SHOULD</a>
						</td>
						<td>
							<a href="#Goal-history-instance" title="Allows review of changes to US Core Goal instance over time">SHOULD</a>
						</td>
						<td/>
						<td/>
						<td/>
						<td/>
					</tr>
					<tr>
						<th>
							<a href="http://hl7.org/fhir/us/core/StructureDefinition-us-core-immunization.html">US CORE IMMUNIZATION</a> (Immunization)</th>
						<td>
							<a href="#Immunization-search-type" title="Allows discovery of existing US Core immunization resources using different search criteria">SHALL</a>
						</td>
						<td>
							<a href="#Immunization-read" title="Allows retrieval of a specific US Core immunization by id">SHALL</a>
						</td>
						<td>
							<a href="#Immunization-vread" title="Allows retrieval of a historical version of a US Core immunization instance">SHOULD</a>
						</td>
						<td>
							<a href="#Immunization-history-instance" title="Allows review of changes to US Core immunization instance over time">SHOULD</a>
						</td>
						<td/>
						<td/>
						<td/>
						<td/>
					</tr>
					<tr>
						<th>
							<a href="http://hl7.org/fhir/us/core/StructureDefinition-us-core-diagnosticreport.html">US CORE DIAGNOSTICREPORT</a> (DiagnosticReport)</th>
						<td>
							<a href="#DiagnosticReport-search-type" title="Allows discovery of existing US Core diagnosticreport resources using different search criteria">SHALL</a>
						</td>
						<td>
							<a href="#DiagnosticReport-read" title="Allows retrieval of a specific US Core diagnosticreport by id">SHALL</a>
						</td>
						<td>
							<a href="#DiagnosticReport-vread" title="Allows retrieval of a historical version of a US Core diagnosticreport instance">SHOULD</a>
						</td>
						<td>
							<a href="#DiagnosticReport-history-instance" title="Allows review of changes to US Core diagnosticreport instance over time">SHOULD</a>
						</td>
						<td/>
						<td/>
						<td/>
						<td/>
					</tr>
					<tr>
						<th>
							<a href="http://hl7.org/fhir/us/core/StructureDefinition-us-core-observationresults.html">US CORE OBSERVATIONRESULTS</a> (Observation)</th>
						<td>
							<a href="#Observation-search-type" title="Allows discovery of existing US Core observation results resources using different search criteria">SHALL</a>
						</td>
						<td>
							<a href="#Observation-read" title="Allows retrieval of a specific US Core observation results by id">SHALL</a>
						</td>
						<td>
							<a href="#Observation-vread" title="Allows retrieval of a historical version of a US Core observation results instance">SHOULD</a>
						</td>
						<td>
							<a href="#Observation-history-instance" title="Allows review of changes to US Core observation results instance over time">SHOULD</a>
						</td>
						<td/>
						<td/>
						<td/>
						<td/>
					</tr>
					<tr>
						<th>
							<a href="http://hl7.org/fhir/us/core/StructureDefinition-us-core-medication.html">US CORE MEDICATION</a> (Medication)</th>
						<td>
							<a href="#Medication-search-type" title="IF the Medication Resource is used in a MedicationStatement or a MedicationRequest.   Allows discovery of existing US Core Medication resources using different search criteria.">SHOULD</a>
						</td>
						<td>
							<a href="#Medication-read" title="IF the Medication Resource is used in a MedicationStatement or a MedicationRequest.  Allows retrieval of a specific US Core Medication by id">SHOULD</a>
						</td>
						<td>
							<a href="#Medication-vread" title="Allows retrieval of a historical version of a US Core Medication instance">SHOULD</a>
						</td>
						<td>
							<a href="#Medication-history-instance" title="Allows review of changes to US Core Medication instance over time">SHOULD</a>
						</td>
						<td/>
						<td/>
						<td/>
						<td/>
					</tr>
					<tr>
						<th>
							<a href="http://hl7.org/fhir/us/core/StructureDefinition-us-core-medicationstatement.html">US CORE MEDICATIONSTATEMENT</a> (MedicationStatement)</th>
						<td>
							<a href="#MedicationStatement-search-type" title="Allows discovery of existing US Core medicationstatement resources using different search criteria">SHALL</a>
						</td>
						<td>
							<a href="#MedicationStatement-read" title="Allows retrieval of a specific US Core medicationstatement by id">SHALL</a>
						</td>
						<td>
							<a href="#MedicationStatement-vread" title="Allows retrieval of a historical version of a US Core medicationstatement instance">SHOULD</a>
						</td>
						<td>
							<a href="#MedicationStatement-history-instance" title="Allows review of changes to US Core medicationstatement instance over time">SHOULD</a>
						</td>
						<td/>
						<td/>
						<td/>
						<td/>
					</tr>
					<tr>
						<th>
							<a href="http://hl7.org/fhir/us/core/StructureDefinition-us-core-medicationrequest.html">US CORE MEDICATIONREQUEST</a> (MedicationRequest)</th>
						<td>
							<a href="#MedicationRequest-search-type" title="Allows discovery of existing US Core medicationrequest resources using different search criteria">SHALL</a>
						</td>
						<td>
							<a href="#MedicationRequest-read" title="Allows retrieval of a specific US Core medicationrequest by id">SHALL</a>
						</td>
						<td>
							<a href="#MedicationRequest-vread" title="Allows retrieval of a historical version of a US Core medicationrequest instance">SHOULD</a>
						</td>
						<td>
							<a href="#MedicationRequest-history-instance" title="Allows review of changes to US Core medicationrequest instance over time">SHOULD</a>
						</td>
						<td/>
						<td/>
						<td/>
						<td/>
					</tr>
					<tr>
						<th>
							<a href="http://hl7.org/fhir/us/core/StructureDefinition-us-core-smokingstatus.html">US CORE SMOKINGSTATUS</a> (Observation)</th>
						<td>
							<a href="#Observation-search-type" title="Allows discovery of existing US Core smokingstatus resources using different search criteria">SHALL</a>
						</td>
						<td>
							<a href="#Observation-read" title="Allows retrieval of a specific US Core smokingstatus by id">SHALL</a>
						</td>
						<td>
							<a href="#Observation-vread" title="Allows retrieval of a historical version of a US Core smokingstatus instance">SHOULD</a>
						</td>
						<td>
							<a href="#Observation-history-instance" title="Allows review of changes to US Core smokingstatus instance over time">SHOULD</a>
						</td>
						<td/>
						<td/>
						<td/>
						<td/>
					</tr>
					<tr>
						<th>
							<a href="http://hl7.org/fhir/us/core/StructureDefinition-us-core-vitalsigns.html">US CORE VITALSIGNS</a> (Observation)</th>
						<td>
							<a href="#Observation-search-type" title="Allows discovery of existing US Core vitalsigns resources using different search criteria">SHALL</a>
						</td>
						<td>
							<a href="#Observation-read" title="Allows retrieval of a specific US Core vitalsigns by id">SHALL</a>
						</td>
						<td>
							<a href="#Observation-vread" title="Allows retrieval of a historical version of a US Core vitalsigns instance">SHOULD</a>
						</td>
						<td>
							<a href="#Observation-history-instance" title="Allows review of changes to US Core vitalsigns instance over time">SHOULD</a>
						</td>
						<td/>
						<td/>
						<td/>
						<td/>
					</tr>
					<tr>
						<th>
							<a href="http://hl7.org/fhir/us/core/StructureDefinition-us-core-procedure.html">US CORE PROCEDURE</a> (Procedure)</th>
						<td>
							<a href="#Procedure-search-type" title="Allows discovery of existing US Core procedure resources using different search criteria">SHALL</a>
						</td>
						<td>
							<a href="#Procedure-read" title="Allows retrieval of a specific US Core procedure by id">SHALL</a>
						</td>
						<td>
							<a href="#Procedure-vread" title="Allows retrieval of a historical version of a US Core procedure instance">SHOULD</a>
						</td>
						<td>
							<a href="#Procedure-history-instance" title="Allows review of changes to US Core procedure instance over time">SHOULD</a>
						</td>
						<td/>
						<td/>
						<td/>
						<td/>
					</tr>
				</tbody>
			</table>
			<br/>
			<br/>
			<h3>Patient</h3>
			<p>Profile: <a href="http://hl7.org/fhir/us/core/StructureDefinition-us-core-patient.html">US CORE PATIENT</a>
			</p>
			<h4>Interactions</h4>
			<table class="list">
				<thead>
					<tr>
						<th>Name</th>
						<th>Conformance</th>
						<th>Description</th>
					</tr>
				</thead>
				<tbody>
					<tr>
						<th>
							<a name="Patient-search-type"> </a>
							<span>search-type</span>
						</th>
						<td>SHALL</td>
						<td>
							<p>Allows discovery of existing US Core patient resources using different search criteria</p>
						</td>
					</tr>
					<tr>
						<th>
							<a name="Patient-read"> </a>
							<span>read</span>
						</th>
						<td>SHALL</td>
						<td>
							<p>Allows retrieval of a specific US Core patients by id</p>
						</td>
					</tr>
					<tr>
						<th>
							<a name="Patient-history-instance"> </a>
							<span>history-instance</span>
						</th>
						<td>SHOULD</td>
						<td>
							<p>Allows review of changes to US Core patient instance over time</p>
						</td>
					</tr>
					<tr>
						<th>
							<a name="Patient-vread"> </a>
							<span>vread</span>
						</th>
						<td>SHOULD</td>
						<td>
							<p>Allows retrieval of a historical version of a US Core patient instance</p>
						</td>
					</tr>
				</tbody>
			</table>
			<h4>Search</h4>
			<table class="list">
				<thead>
					<tr>
						<th>Parameter</th>
						<th>Conformance</th>
						<th>Type</th>
						<th>Definition &amp; Chaining</th>
					</tr>
				</thead>
				<tbody>
					<tr>
						<th>name</th>
						<td>SHALL</td>
						<td>string</td>
						<td>
							<p>todo</p>
						</td>
					</tr>
					<tr>
						<th>family</th>
						<td>SHALL</td>
						<td>string</td>
						<td/>
					</tr>
					<tr>
						<th>given</th>
						<td>SHALL</td>
						<td>string</td>
						<td/>
					</tr>
					<tr>
						<th>identifier</th>
						<td>SHALL</td>
						<td>token</td>
						<td/>
					</tr>
					<tr>
						<th>gender</th>
						<td>SHALL</td>
						<td>token</td>
						<td/>
					</tr>
					<tr>
						<th>birthdate</th>
						<td>SHALL</td>
						<td>date</td>
						<td/>
					</tr>
				</tbody>
			</table>
			<br/>
			<br/>
			<h3>AllergyIntolerance</h3>
			<p>Profile: <a href="http://hl7.org/fhir/us/core/StructureDefinition-us-core-allergyintolerance.html">US CORE ALLERGYINTOLERANCE</a>
			</p>
			<h4>Interactions</h4>
			<table class="list">
				<thead>
					<tr>
						<th>Name</th>
						<th>Conformance</th>
						<th>Description</th>
					</tr>
				</thead>
				<tbody>
					<tr>
						<th>
							<a name="AllergyIntolerance-search-type"> </a>
							<span>search-type</span>
						</th>
						<td>SHALL</td>
						<td>
							<p>Allows discovery of existing US Core AllergyIntolerance resources using different search criteria</p>
						</td>
					</tr>
					<tr>
						<th>
							<a name="AllergyIntolerance-read"> </a>
							<span>read</span>
						</th>
						<td>SHALL</td>
						<td>
							<p>Allows retrieval of a specific US Core AllergyIntolerance by id</p>
						</td>
					</tr>
					<tr>
						<th>
							<a name="AllergyIntolerance-history-instance"> </a>
							<span>history-instance</span>
						</th>
						<td>SHOULD</td>
						<td>
							<p>Allows review of changes to US Core AllergyIntolerance instance over time</p>
						</td>
					</tr>
					<tr>
						<th>
							<a name="AllergyIntolerance-vread"> </a>
							<span>vread</span>
						</th>
						<td>SHOULD</td>
						<td>
							<p>Allows retrieval of a historical version of a US Core AllergyIntolerance instance</p>
						</td>
					</tr>
				</tbody>
			</table>
			<h4>Search</h4>
			<table class="list">
				<thead>
					<tr>
						<th>Parameter</th>
						<th>Conformance</th>
						<th>Type</th>
						<th>Definition &amp; Chaining</th>
					</tr>
				</thead>
				<tbody>
					<tr>
						<th>patient</th>
						<td>SHALL</td>
						<td>reference</td>
						<td/>
					</tr>
				</tbody>
			</table>
			<br/>
			<br/>
			<h3>CarePlan</h3>
			<p>Profile: <a href="http://hl7.org/fhir/us/core/StructureDefinition-us-core-careplan.html">US CORE CAREPLAN</a>
			</p>
			<h4>Interactions</h4>
			<table class="list">
				<thead>
					<tr>
						<th>Name</th>
						<th>Conformance</th>
						<th>Description</th>
					</tr>
				</thead>
				<tbody>
					<tr>
						<th>
							<a name="CarePlan-search-type"> </a>
							<span>search-type</span>
						</th>
						<td>SHALL</td>
						<td>
							<p>Allows discovery of existing US Core careplan resources using different search criteria</p>
						</td>
					</tr>
					<tr>
						<th>
							<a name="CarePlan-read"> </a>
							<span>read</span>
						</th>
						<td>SHALL</td>
						<td>
							<p>Allows retrieval of a specific US Core careplan by id</p>
						</td>
					</tr>
					<tr>
						<th>
							<a name="CarePlan-history-instance"> </a>
							<span>history-instance</span>
						</th>
						<td>SHOULD</td>
						<td>
							<p>Allows review of changes to US Core careplan instance over time</p>
						</td>
					</tr>
					<tr>
						<th>
							<a name="CarePlan-vread"> </a>
							<span>vread</span>
						</th>
						<td>SHOULD</td>
						<td>
							<p>Allows retrieval of a historical version of a US Core careplan instance</p>
						</td>
					</tr>
				</tbody>
			</table>
			<h4>Search</h4>
			<table class="list">
				<thead>
					<tr>
						<th>Parameter</th>
						<th>Conformance</th>
						<th>Type</th>
						<th>Definition &amp; Chaining</th>
					</tr>
				</thead>
				<tbody>
					<tr>
						<th>patient</th>
						<td>SHALL</td>
						<td>reference</td>
						<td/>
					</tr>
					<tr>
						<th>category</th>
						<td>SHALL</td>
						<td>token</td>
						<td/>
					</tr>
					<tr>
						<th>status</th>
						<td>SHALL</td>
						<td>token</td>
						<td/>
					</tr>
					<tr>
						<th>date</th>
						<td>SHALL</td>
						<td>date</td>
						<td>
							<p>The server SHALL support the <a href="http://hl7.org/fhir/2017Jan/search.html#prefix">date search modifiers</a> 'ge','le','eq' for this profile</p>
						</td>
					</tr>
				</tbody>
			</table>
			<br/>
			<br/>
			<h3>CareTeam</h3>
			<p>Profile: <a href="http://hl7.org/fhir/us/core/StructureDefinition-us-core-careteam.html">US CORE CARETEAM</a>
			</p>
			<h4>Interactions</h4>
			<table class="list">
				<thead>
					<tr>
						<th>Name</th>
						<th>Conformance</th>
						<th>Description</th>
					</tr>
				</thead>
				<tbody>
					<tr>
						<th>
							<a name="CareTeam-search-type"> </a>
							<span>search-type</span>
						</th>
						<td>SHALL</td>
						<td>
							<p>Allows discovery of existing US Core careteam resources using different search criteria</p>
						</td>
					</tr>
					<tr>
						<th>
							<a name="CareTeam-read"> </a>
							<span>read</span>
						</th>
						<td>SHALL</td>
						<td>
							<p>Allows retrieval of a specific US Core careteam by id</p>
						</td>
					</tr>
					<tr>
						<th>
							<a name="CareTeam-history-instance"> </a>
							<span>history-instance</span>
						</th>
						<td>SHOULD</td>
						<td>
							<p>Allows review of changes to US Core careteam instance over time</p>
						</td>
					</tr>
					<tr>
						<th>
							<a name="CareTeam-vread"> </a>
							<span>vread</span>
						</th>
						<td>SHOULD</td>
						<td>
							<p>Allows retrieval of a historical version of a US Core careteam instance</p>
						</td>
					</tr>
				</tbody>
			</table>
			<h4>Search</h4>
			<table class="list">
				<thead>
					<tr>
						<th>Parameter</th>
						<th>Conformance</th>
						<th>Type</th>
						<th>Definition &amp; Chaining</th>
					</tr>
				</thead>
				<tbody>
					<tr>
						<th>patient</th>
						<td>SHALL</td>
						<td>reference</td>
						<td/>
					</tr>
					<tr>
						<th>status</th>
						<td>SHALL</td>
						<td>token</td>
						<td/>
					</tr>
				</tbody>
			</table>
			<br/>
			<br/>
			<h3>Condition</h3>
			<p>Profile: <a href="http://hl7.org/fhir/us/core/StructureDefinition-us-core-condition.html">US CORE CONDITION</a>
			</p>
			<h4>Interactions</h4>
			<table class="list">
				<thead>
					<tr>
						<th>Name</th>
						<th>Conformance</th>
						<th>Description</th>
					</tr>
				</thead>
				<tbody>
					<tr>
						<th>
							<a name="Condition-search-type"> </a>
							<span>search-type</span>
						</th>
						<td>SHALL</td>
						<td>
							<p>Allows discovery of existing US Core condition resources using different search criteria</p>
						</td>
					</tr>
					<tr>
						<th>
							<a name="Condition-read"> </a>
							<span>read</span>
						</th>
						<td>SHALL</td>
						<td>
							<p>Allows retrieval of a specific US Core condition by id</p>
						</td>
					</tr>
					<tr>
						<th>
							<a name="Condition-history-instance"> </a>
							<span>history-instance</span>
						</th>
						<td>SHOULD</td>
						<td>
							<p>Allows review of changes to US Core condition instance over time</p>
						</td>
					</tr>
					<tr>
						<th>
							<a name="Condition-vread"> </a>
							<span>vread</span>
						</th>
						<td>SHOULD</td>
						<td>
							<p>Allows retrieval of a historical version of a US Core condition instance</p>
						</td>
					</tr>
				</tbody>
			</table>
			<h4>Search</h4>
			<table class="list">
				<thead>
					<tr>
						<th>Parameter</th>
						<th>Conformance</th>
						<th>Type</th>
						<th>Definition &amp; Chaining</th>
					</tr>
				</thead>
				<tbody>
					<tr>
						<th>patient</th>
						<td>SHALL</td>
						<td>reference</td>
						<td/>
					</tr>
					<tr>
						<th>category</th>
						<td>SHALL</td>
						<td>token</td>
						<td/>
					</tr>
					<tr>
						<th>clinicalstatus</th>
						<td>SHALL</td>
						<td>token</td>
						<td/>
					</tr>
				</tbody>
			</table>
			<br/>
			<br/>
			<h3>Device</h3>
			<p>Profile: <a href="http://hl7.org/fhir/us/core/StructureDefinition-us-core-device.html">US CORE DEVICE</a>
			</p>
			<h4>Interactions</h4>
			<table class="list">
				<thead>
					<tr>
						<th>Name</th>
						<th>Conformance</th>
						<th>Description</th>
					</tr>
				</thead>
				<tbody>
					<tr>
						<th>
							<a name="Device-search-type"> </a>
							<span>search-type</span>
						</th>
						<td>SHALL</td>
						<td>
							<p>Allows discovery of existing US Core device resources using different search criteria</p>
						</td>
					</tr>
					<tr>
						<th>
							<a name="Device-read"> </a>
							<span>read</span>
						</th>
						<td>SHALL</td>
						<td>
							<p>Allows retrieval of a specific US Core device by id</p>
						</td>
					</tr>
					<tr>
						<th>
							<a name="Device-history-instance"> </a>
							<span>history-instance</span>
						</th>
						<td>SHOULD</td>
						<td>
							<p>Allows review of changes to US Core device instance over time</p>
						</td>
					</tr>
					<tr>
						<th>
							<a name="Device-vread"> </a>
							<span>vread</span>
						</th>
						<td>SHOULD</td>
						<td>
							<p>Allows retrieval of a historical version of a US Core device instance</p>
						</td>
					</tr>
				</tbody>
			</table>
			<h4>Search</h4>
			<table class="list">
				<thead>
					<tr>
						<th>Parameter</th>
						<th>Conformance</th>
						<th>Type</th>
						<th>Definition &amp; Chaining</th>
					</tr>
				</thead>
				<tbody>
					<tr>
						<th>patient</th>
						<td>SHALL</td>
						<td>reference</td>
						<td/>
					</tr>
				</tbody>
			</table>
			<br/>
			<br/>
			<h3>Goal</h3>
			<p>Profile: <a href="http://hl7.org/fhir/us/core/StructureDefinition-us-core-Goal.html">US CORE GOAL</a>
			</p>
			<h4>Interactions</h4>
			<table class="list">
				<thead>
					<tr>
						<th>Name</th>
						<th>Conformance</th>
						<th>Description</th>
					</tr>
				</thead>
				<tbody>
					<tr>
						<th>
							<a name="Goal-search-type"> </a>
							<span>search-type</span>
						</th>
						<td>SHALL</td>
						<td>
							<p>Allows discovery of existing US Core Goal resources using different search criteria</p>
						</td>
					</tr>
					<tr>
						<th>
							<a name="Goal-read"> </a>
							<span>read</span>
						</th>
						<td>SHALL</td>
						<td>
							<p>Allows retrieval of a specific US Core Goal by id</p>
						</td>
					</tr>
					<tr>
						<th>
							<a name="Goal-history-instance"> </a>
							<span>history-instance</span>
						</th>
						<td>SHOULD</td>
						<td>
							<p>Allows review of changes to US Core Goal instance over time</p>
						</td>
					</tr>
					<tr>
						<th>
							<a name="Goal-vread"> </a>
							<span>vread</span>
						</th>
						<td>SHOULD</td>
						<td>
							<p>Allows retrieval of a historical version of a US Core Goal instance</p>
						</td>
					</tr>
				</tbody>
			</table>
			<h4>Search</h4>
			<table class="list">
				<thead>
					<tr>
						<th>Parameter</th>
						<th>Conformance</th>
						<th>Type</th>
						<th>Definition &amp; Chaining</th>
					</tr>
				</thead>
				<tbody>
					<tr>
						<th>patient</th>
						<td>SHALL</td>
						<td>reference</td>
						<td/>
					</tr>
					<tr>
						<th>date</th>
						<td>SHALL</td>
						<td>date</td>
						<td>
							<p>The server SHALL support the <a href="http://hl7.org/fhir/2017Jan/search.html#prefix">date search modifiers</a> 'ge','le','eq' for this profile</p>
						</td>
					</tr>
				</tbody>
			</table>
			<br/>
			<br/>
			<h3>Immunization</h3>
			<p>Profile: <a href="http://hl7.org/fhir/us/core/StructureDefinition-us-core-immunization.html">US CORE IMMUNIZATION</a>
			</p>
			<h4>Interactions</h4>
			<table class="list">
				<thead>
					<tr>
						<th>Name</th>
						<th>Conformance</th>
						<th>Description</th>
					</tr>
				</thead>
				<tbody>
					<tr>
						<th>
							<a name="Immunization-search-type"> </a>
							<span>search-type</span>
						</th>
						<td>SHALL</td>
						<td>
							<p>Allows discovery of existing US Core immunization resources using different search criteria</p>
						</td>
					</tr>
					<tr>
						<th>
							<a name="Immunization-read"> </a>
							<span>read</span>
						</th>
						<td>SHALL</td>
						<td>
							<p>Allows retrieval of a specific US Core immunization by id</p>
						</td>
					</tr>
					<tr>
						<th>
							<a name="Immunization-history-instance"> </a>
							<span>history-instance</span>
						</th>
						<td>SHOULD</td>
						<td>
							<p>Allows review of changes to US Core immunization instance over time</p>
						</td>
					</tr>
					<tr>
						<th>
							<a name="Immunization-vread"> </a>
							<span>vread</span>
						</th>
						<td>SHOULD</td>
						<td>
							<p>Allows retrieval of a historical version of a US Core immunization instance</p>
						</td>
					</tr>
				</tbody>
			</table>
			<h4>Search</h4>
			<table class="list">
				<thead>
					<tr>
						<th>Parameter</th>
						<th>Conformance</th>
						<th>Type</th>
						<th>Definition &amp; Chaining</th>
					</tr>
				</thead>
				<tbody>
					<tr>
						<th>patient</th>
						<td>SHALL</td>
						<td>reference</td>
						<td/>
					</tr>
				</tbody>
			</table>
			<br/>
			<br/>
			<h3>DiagnosticReport</h3>
			<p>Profile: <a href="http://hl7.org/fhir/us/core/StructureDefinition-us-core-diagnosticreport.html">US CORE DIAGNOSTICREPORT</a>
			</p>
			<h4>Interactions</h4>
			<table class="list">
				<thead>
					<tr>
						<th>Name</th>
						<th>Conformance</th>
						<th>Description</th>
					</tr>
				</thead>
				<tbody>
					<tr>
						<th>
							<a name="DiagnosticReport-search-type"> </a>
							<span>search-type</span>
						</th>
						<td>SHALL</td>
						<td>
							<p>Allows discovery of existing US Core diagnosticreport resources using different search criteria</p>
						</td>
					</tr>
					<tr>
						<th>
							<a name="DiagnosticReport-read"> </a>
							<span>read</span>
						</th>
						<td>SHALL</td>
						<td>
							<p>Allows retrieval of a specific US Core diagnosticreport by id</p>
						</td>
					</tr>
					<tr>
						<th>
							<a name="DiagnosticReport-history-instance"> </a>
							<span>history-instance</span>
						</th>
						<td>SHOULD</td>
						<td>
							<p>Allows review of changes to US Core diagnosticreport instance over time</p>
						</td>
					</tr>
					<tr>
						<th>
							<a name="DiagnosticReport-vread"> </a>
							<span>vread</span>
						</th>
						<td>SHOULD</td>
						<td>
							<p>Allows retrieval of a historical version of a US Core diagnosticreport instance</p>
						</td>
					</tr>
				</tbody>
			</table>
			<h4>Search</h4>
			<table class="list">
				<thead>
					<tr>
						<th>Parameter</th>
						<th>Conformance</th>
						<th>Type</th>
						<th>Definition &amp; Chaining</th>
					</tr>
				</thead>
				<tbody>
					<tr>
						<th>patient</th>
						<td>SHALL</td>
						<td>reference</td>
						<td/>
					</tr>
					<tr>
						<th>category</th>
						<td>SHALL</td>
						<td>token</td>
						<td/>
					</tr>
					<tr>
						<th>code</th>
						<td>SHALL</td>
						<td>token</td>
						<td/>
					</tr>
					<tr>
						<th>date</th>
						<td>SHALL</td>
						<td>date</td>
						<td>
							<p>The server SHALL support the <a href="http://hl7.org/fhir/2017Jan/search.html#prefix">date search modifiers</a> 'ge','le','eq' for this profile</p>
						</td>
					</tr>
				</tbody>
			</table>
			<br/>
			<br/>
			<h3>Observation</h3>
			<p>Profile: <a href="http://hl7.org/fhir/us/core/StructureDefinition-us-core-observationresults.html">US CORE OBSERVATIONRESULTS</a>
			</p>
			<h4>Interactions</h4>
			<table class="list">
				<thead>
					<tr>
						<th>Name</th>
						<th>Conformance</th>
						<th>Description</th>
					</tr>
				</thead>
				<tbody>
					<tr>
						<th>
							<a name="Observation-search-type"> </a>
							<span>search-type</span>
						</th>
						<td>SHALL</td>
						<td>
							<p>Allows discovery of existing US Core observation results resources using different search criteria</p>
						</td>
					</tr>
					<tr>
						<th>
							<a name="Observation-read"> </a>
							<span>read</span>
						</th>
						<td>SHALL</td>
						<td>
							<p>Allows retrieval of a specific US Core observation results by id</p>
						</td>
					</tr>
					<tr>
						<th>
							<a name="Observation-history-instance"> </a>
							<span>history-instance</span>
						</th>
						<td>SHOULD</td>
						<td>
							<p>Allows review of changes to US Core observation results instance over time</p>
						</td>
					</tr>
					<tr>
						<th>
							<a name="Observation-vread"> </a>
							<span>vread</span>
						</th>
						<td>SHOULD</td>
						<td>
							<p>Allows retrieval of a historical version of a US Core observation results instance</p>
						</td>
					</tr>
				</tbody>
			</table>
			<h4>Search</h4>
			<table class="list">
				<thead>
					<tr>
						<th>Parameter</th>
						<th>Conformance</th>
						<th>Type</th>
						<th>Definition &amp; Chaining</th>
					</tr>
				</thead>
				<tbody>
					<tr>
						<th>patient</th>
						<td>SHALL</td>
						<td>reference</td>
						<td/>
					</tr>
					<tr>
						<th>category</th>
						<td>SHALL</td>
						<td>token</td>
						<td/>
					</tr>
					<tr>
						<th>code</th>
						<td>SHALL</td>
						<td>token</td>
						<td/>
					</tr>
					<tr>
						<th>date</th>
						<td>SHALL</td>
						<td>date</td>
						<td>
							<p>The server SHALL support the <a href="http://hl7.org/fhir/2017Jan/search.html#prefix">date search modifiers</a> 'ge','le','eq' for this profile</p>
						</td>
					</tr>
				</tbody>
			</table>
			<br/>
			<br/>
			<h3>Medication</h3>
			<p>Profile: <a href="http://hl7.org/fhir/us/core/StructureDefinition-us-core-medication.html">US CORE MEDICATION</a>
			</p>
			<p>The MedicationStatement and MedicationRequest resources can represent a medication, using either a code or refer to a Medication resource.  If the Medication Resource is used in a MedicationStatement or a MedicationRequest,  then the READ and SEARCH Criteria  <b>SHALL</b> be supported.</p>
			<h4>Interactions</h4>
			<table class="list">
				<thead>
					<tr>
						<th>Name</th>
						<th>Conformance</th>
						<th>Description</th>
					</tr>
				</thead>
				<tbody>
					<tr>
						<th>
							<a name="Medication-search-type"> </a>
							<span>search-type</span>
						</th>
						<td>SHOULD</td>
						<td>
							<p>IF the Medication Resource is used in a MedicationStatement or a MedicationRequest.   Allows discovery of existing US Core Medication resources using different search criteria.</p>
						</td>
					</tr>
					<tr>
						<th>
							<a name="Medication-read"> </a>
							<span>read</span>
						</th>
						<td>SHOULD</td>
						<td>
							<p>IF the Medication Resource is used in a MedicationStatement or a MedicationRequest.  Allows retrieval of a specific US Core Medication by id</p>
						</td>
					</tr>
					<tr>
						<th>
							<a name="Medication-history-instance"> </a>
							<span>history-instance</span>
						</th>
						<td>SHOULD</td>
						<td>
							<p>Allows review of changes to US Core Medication instance over time</p>
						</td>
					</tr>
					<tr>
						<th>
							<a name="Medication-vread"> </a>
							<span>vread</span>
						</th>
						<td>SHOULD</td>
						<td>
							<p>Allows retrieval of a historical version of a US Core Medication instance</p>
						</td>
					</tr>
				</tbody>
			</table>
			<br/>
			<br/>
			<h3>MedicationStatement</h3>
			<p>Profile: <a href="http://hl7.org/fhir/us/core/StructureDefinition-us-core-medicationstatement.html">US CORE MEDICATIONSTATEMENT</a>
			</p>
			<p>    The MedicationStatement and MedicationRequest resources can represent a medication, using either a code or refer to a Medication resource.    When referencing a Medication resource,  the resource may be <a href="http://hl7.org/fhir/2017Jan/references.html#contained">contained</a> or an external resource.   The server application can choose any one way or more than one method,  but if the an external reference to Medication is used, the server SHALL support the <a href="http://hl7.org/fhir/2017Jan/search.html#include">include</a> parameter for searching this element.   The client application must support both methods.</p>
			<h4>Interactions</h4>
			<table class="list">
				<thead>
					<tr>
						<th>Name</th>
						<th>Conformance</th>
						<th>Description</th>
					</tr>
				</thead>
				<tbody>
					<tr>
						<th>
							<a name="MedicationStatement-search-type"> </a>
							<span>search-type</span>
						</th>
						<td>SHALL</td>
						<td>
							<p>Allows discovery of existing US Core medicationstatement resources using different search criteria</p>
						</td>
					</tr>
					<tr>
						<th>
							<a name="MedicationStatement-read"> </a>
							<span>read</span>
						</th>
						<td>SHALL</td>
						<td>
							<p>Allows retrieval of a specific US Core medicationstatement by id</p>
						</td>
					</tr>
					<tr>
						<th>
							<a name="MedicationStatement-history-instance"> </a>
							<span>history-instance</span>
						</th>
						<td>SHOULD</td>
						<td>
							<p>Allows review of changes to US Core medicationstatement instance over time</p>
						</td>
					</tr>
					<tr>
						<th>
							<a name="MedicationStatement-vread"> </a>
							<span>vread</span>
						</th>
						<td>SHOULD</td>
						<td>
							<p>Allows retrieval of a historical version of a US Core medicationstatement instance</p>
						</td>
					</tr>
				</tbody>
			</table>
			<h4>Search</h4>
			<p>Supported Includes: MedicationStatement.medicationReference</p>
			<table class="list">
				<thead>
					<tr>
						<th>Parameter</th>
						<th>Conformance</th>
						<th>Type</th>
						<th>Definition &amp; Chaining</th>
					</tr>
				</thead>
				<tbody>
					<tr>
						<th>patient</th>
						<td>SHALL</td>
						<td>reference</td>
						<td/>
					</tr>
				</tbody>
			</table>
			<br/>
			<br/>
			<h3>MedicationRequest</h3>
			<p>Profile: <a href="http://hl7.org/fhir/us/core/StructureDefinition-us-core-medicationrequest.html">US CORE MEDICATIONREQUEST</a>
			</p>
			<p>    The MedicationStatement and MedicationRequest resources can represent a medication, using either a code or refer to a Medication resource.    When referencing a Medication resource,  the resource may be <a href="http://hl7.org/fhir/2017Jan/references.html#contained">contained</a> or an external resource.   The server application can choose any one way or more than one method,  but if the an external reference to Medication is used, the server SHALL support the <a href="http://hl7.org/fhir/2017Jan/search.html#include">include</a> parameter for searching this element.   The client application must support both methods.</p>
			<h4>Interactions</h4>
			<table class="list">
				<thead>
					<tr>
						<th>Name</th>
						<th>Conformance</th>
						<th>Description</th>
					</tr>
				</thead>
				<tbody>
					<tr>
						<th>
							<a name="MedicationRequest-search-type"> </a>
							<span>search-type</span>
						</th>
						<td>SHALL</td>
						<td>
							<p>Allows discovery of existing US Core medicationrequest resources using different search criteria</p>
						</td>
					</tr>
					<tr>
						<th>
							<a name="MedicationRequest-read"> </a>
							<span>read</span>
						</th>
						<td>SHALL</td>
						<td>
							<p>Allows retrieval of a specific US Core medicationrequest by id</p>
						</td>
					</tr>
					<tr>
						<th>
							<a name="MedicationRequest-history-instance"> </a>
							<span>history-instance</span>
						</th>
						<td>SHOULD</td>
						<td>
							<p>Allows review of changes to US Core medicationrequest instance over time</p>
						</td>
					</tr>
					<tr>
						<th>
							<a name="MedicationRequest-vread"> </a>
							<span>vread</span>
						</th>
						<td>SHOULD</td>
						<td>
							<p>Allows retrieval of a historical version of a US Core medicationrequest instance</p>
						</td>
					</tr>
				</tbody>
			</table>
			<h4>Search</h4>
			<p>Supported Includes: MedicationRequest.medicationReference</p>
			<table class="list">
				<thead>
					<tr>
						<th>Parameter</th>
						<th>Conformance</th>
						<th>Type</th>
						<th>Definition &amp; Chaining</th>
					</tr>
				</thead>
				<tbody>
					<tr>
						<th>patient</th>
						<td>SHALL</td>
						<td>reference</td>
						<td/>
					</tr>
				</tbody>
			</table>
			<br/>
			<br/>
			<h3>Observation</h3>
			<p>Profile: <a href="http://hl7.org/fhir/us/core/StructureDefinition-us-core-smokingstatus.html">US CORE SMOKINGSTATUS</a>
			</p>
			<h4>Interactions</h4>
			<table class="list">
				<thead>
					<tr>
						<th>Name</th>
						<th>Conformance</th>
						<th>Description</th>
					</tr>
				</thead>
				<tbody>
					<tr>
						<th>
							<a name="Observation-search-type"> </a>
							<span>search-type</span>
						</th>
						<td>SHALL</td>
						<td>
							<p>Allows discovery of existing US Core smokingstatus resources using different search criteria</p>
						</td>
					</tr>
					<tr>
						<th>
							<a name="Observation-read"> </a>
							<span>read</span>
						</th>
						<td>SHALL</td>
						<td>
							<p>Allows retrieval of a specific US Core smokingstatus by id</p>
						</td>
					</tr>
					<tr>
						<th>
							<a name="Observation-history-instance"> </a>
							<span>history-instance</span>
						</th>
						<td>SHOULD</td>
						<td>
							<p>Allows review of changes to US Core smokingstatus instance over time</p>
						</td>
					</tr>
					<tr>
						<th>
							<a name="Observation-vread"> </a>
							<span>vread</span>
						</th>
						<td>SHOULD</td>
						<td>
							<p>Allows retrieval of a historical version of a US Core smokingstatus instance</p>
						</td>
					</tr>
				</tbody>
			</table>
			<h4>Search</h4>
			<table class="list">
				<thead>
					<tr>
						<th>Parameter</th>
						<th>Conformance</th>
						<th>Type</th>
						<th>Definition &amp; Chaining</th>
					</tr>
				</thead>
				<tbody>
					<tr>
						<th>patient</th>
						<td>SHALL</td>
						<td>reference</td>
						<td/>
					</tr>
					<tr>
						<th>code</th>
						<td>SHALL</td>
						<td>token</td>
						<td/>
					</tr>
				</tbody>
			</table>
			<br/>
			<br/>
			<h3>Observation</h3>
			<p>Profile: <a href="http://hl7.org/fhir/us/core/StructureDefinition-us-core-vitalsigns.html">US CORE VITALSIGNS</a>
			</p>
			<h4>Interactions</h4>
			<table class="list">
				<thead>
					<tr>
						<th>Name</th>
						<th>Conformance</th>
						<th>Description</th>
					</tr>
				</thead>
				<tbody>
					<tr>
						<th>
							<a name="Observation-search-type"> </a>
							<span>search-type</span>
						</th>
						<td>SHALL</td>
						<td>
							<p>Allows discovery of existing US Core vitalsigns resources using different search criteria</p>
						</td>
					</tr>
					<tr>
						<th>
							<a name="Observation-read"> </a>
							<span>read</span>
						</th>
						<td>SHALL</td>
						<td>
							<p>Allows retrieval of a specific US Core vitalsigns by id</p>
						</td>
					</tr>
					<tr>
						<th>
							<a name="Observation-history-instance"> </a>
							<span>history-instance</span>
						</th>
						<td>SHOULD</td>
						<td>
							<p>Allows review of changes to US Core vitalsigns instance over time</p>
						</td>
					</tr>
					<tr>
						<th>
							<a name="Observation-vread"> </a>
							<span>vread</span>
						</th>
						<td>SHOULD</td>
						<td>
							<p>Allows retrieval of a historical version of a US Core vitalsigns instance</p>
						</td>
					</tr>
				</tbody>
			</table>
			<h4>Search</h4>
			<table class="list">
				<thead>
					<tr>
						<th>Parameter</th>
						<th>Conformance</th>
						<th>Type</th>
						<th>Definition &amp; Chaining</th>
					</tr>
				</thead>
				<tbody>
					<tr>
						<th>patient</th>
						<td>SHALL</td>
						<td>reference</td>
						<td/>
					</tr>
					<tr>
						<th>category</th>
						<td>SHALL</td>
						<td>token</td>
						<td/>
					</tr>
					<tr>
						<th>code</th>
						<td>SHALL</td>
						<td>token</td>
						<td/>
					</tr>
					<tr>
						<th>date</th>
						<td>SHALL</td>
						<td>date</td>
						<td>
							<p>The server SHALL support the <a href="http://hl7.org/fhir/2017Jan/search.html#prefix">date search modifiers</a> 'ge','le','eq' for this profile</p>
						</td>
					</tr>
				</tbody>
			</table>
			<br/>
			<br/>
			<h3>Procedure</h3>
			<p>Profile: <a href="http://hl7.org/fhir/us/core/StructureDefinition-us-core-procedure.html">US CORE PROCEDURE</a>
			</p>
			<h4>Interactions</h4>
			<table class="list">
				<thead>
					<tr>
						<th>Name</th>
						<th>Conformance</th>
						<th>Description</th>
					</tr>
				</thead>
				<tbody>
					<tr>
						<th>
							<a name="Procedure-search-type"> </a>
							<span>search-type</span>
						</th>
						<td>SHALL</td>
						<td>
							<p>Allows discovery of existing US Core procedure resources using different search criteria</p>
						</td>
					</tr>
					<tr>
						<th>
							<a name="Procedure-read"> </a>
							<span>read</span>
						</th>
						<td>SHALL</td>
						<td>
							<p>Allows retrieval of a specific US Core procedure by id</p>
						</td>
					</tr>
					<tr>
						<th>
							<a name="Procedure-history-instance"> </a>
							<span>history-instance</span>
						</th>
						<td>SHOULD</td>
						<td>
							<p>Allows review of changes to US Core procedure instance over time</p>
						</td>
					</tr>
					<tr>
						<th>
							<a name="Procedure-vread"> </a>
							<span>vread</span>
						</th>
						<td>SHOULD</td>
						<td>
							<p>Allows retrieval of a historical version of a US Core procedure instance</p>
						</td>
					</tr>
				</tbody>
			</table>
			<h4>Search</h4>
			<table class="list">
				<thead>
					<tr>
						<th>Parameter</th>
						<th>Conformance</th>
						<th>Type</th>
						<th>Definition &amp; Chaining</th>
					</tr>
				</thead>
				<tbody>
					<tr>
						<th>patient</th>
						<td>SHALL</td>
						<td>reference</td>
						<td/>
					</tr>
					<tr>
						<th>date</th>
						<td>SHALL</td>
						<td>date</td>
						<td>
							<p>The server SHALL support the <a href="http://hl7.org/fhir/2017Jan/search.html#prefix">date search modifiers</a> 'ge','le','eq' for this profile</p>
						</td>
					</tr>
				</tbody>
			</table>
		</div>
  </text>
  <name value="US Core  Server"/>
  <status value="draft"/>
  <date value="2016-08-10"/>
  <publisher value="U.S. Office of the National Coordinator (ONC)"/>
  <contact>
    <telecom>
      <system value="other"/>
      <value value="http://www.healthit.gov/"/>
    </telecom>
  </contact>
  <description value="This profile defines the expected capabilities of the US Core  Server actor when conforming to the US-Core IG  The statement includes the complete list of actual profiles, RESTful operations, search parameters supported by US Core Servers. US Core Requesters have the option of choosing from this list to access necessary data based on their local use cases and other contextual requirements."/>
  <kind value="requirements"/>
  <fhirVersion value="1.8.0"/>
  <acceptUnknown value="extensions"/>
  <format value="xml"/>
  <format value="json"/>
  <profile>
    <reference value="http://hl7.org/fhir/us/core/StructureDefinition-us-core-allergyintolerance.html"/>
  </profile>
  <profile>
    <reference value="http://hl7.org/fhir/us/core/StructureDefinition-us-core-careplan.html"/>
  </profile>
  <profile>
    <reference value="http://hl7.org/fhir/us/core/StructureDefinition-us-core-careteam.html"/>
  </profile>
  <profile>
    <reference value="http://hl7.org/fhir/us/core/StructureDefinition-us-core-condition.html"/>
  </profile>
  <profile>
    <reference value="http://hl7.org/fhir/us/core/StructureDefinition-us-core-device.html"/>
  </profile>
  <profile>
    <reference value="http://hl7.org/fhir/us/core/StructureDefinition-us-core-goal.html"/>
  </profile>
  <profile>
    <reference value="http://hl7.org/fhir/us/core/StructureDefinition-us-core-immunization.html"/>
  </profile>
  <profile>
    <reference value="http://hl7.org/fhir/us/core/StructureDefinition-us-core-diagnosticreport.html"/>
  </profile>
  <profile>
    <reference value="http://hl7.org/fhir/us/core/StructureDefinition-us-core-observationresults.html"/>
  </profile>
  <profile>
    <reference value="http://hl7.org/fhir/us/core/StructureDefinition-us-core-location.html"/>
  </profile>
  <profile>
    <reference value="http://hl7.org/fhir/us/core/StructureDefinition-us-core-medication.html"/>
  </profile>
  <profile>
    <reference value="http://hl7.org/fhir/us/core/StructureDefinition-us-core-medicationrequest.html"/>
  </profile>
  <profile>
    <reference value="http://hl7.org/fhir/us/core/StructureDefinition-us-core-vitalsigns.html"/>
  </profile>
  <profile>
    <reference value="http://hl7.org/fhir/us/core/StructureDefinition-us-core-patient.html"/>
  </profile>
  <profile>
    <reference value="http://hl7.org/fhir/us/core/StructureDefinition-us-core-pract.html"/>
  </profile>
  <profile>
    <reference value="http://hl7.org/fhir/us/core/StructureDefinition-us-core-procedure.html"/>
  </profile>
<!-- 
		<operation>
			<extension url="http://hl7.org/fhir/StructureDefinition/capabilitystatement-expectation">
				<valueCode value="MAY"/>
			</extension>
			<name value="patient-everything"/>
			<definition>
				<reference value="http://hl7.org/fhir/OperationDefinition/patient-everything"/>
			</definition>
		</operation>

 -->
  <rest>
    <mode value="server"/>
    <documentation value="==The US Core  Server SHALL:==     1.Support the US Core Patient resource profile.      2.Support at least one additional resource profile from the list of US Core Profiles      2. Implement REST behavior according to the FHIR specification      3.  Support json resource formats for all US Core interactions.      4. Identify the US Core profile(s) supported as part of the FHIR [http://hl7.org/fhir/2017Jan/resource-definitions.html#Meta.profile Meta profile attribute] for each instance.     5.  Declare a CapabilityStatement identifying the list of profiles, operations, search parameter supported.                ==The US Core  Server SHOULD:==     1. Support xml resource formats for all US Core interactions.  "/>
    <security>
      <description value="US Core  Servers &#39;&#39;&#39;SHALL&#39;&#39;&#39; implement the [security.html security requirements]  documented in the US-Core IG."/>
    </security>
    <resource>
    <!-- 	Todo:	Add these query combos where needed and fix the xlst to display
 -->
      <extension url="http://hl7.org/fhir/StructureDefinition/capabilitystatement-search-parameter-combination">
        <extension url="required">
          <valueString value="name"/>
        </extension>
        <extension url="required">
          <valueString value="gender"/>
        </extension>
      </extension>
      <type value="Patient"/>
      <profile>
        <reference value="http://hl7.org/fhir/us/core/StructureDefinition-us-core-patient.html"/>
      </profile>
      <interaction>
        <extension url="http://hl7.org/fhir/StructureDefinition/capabilitystatement-expectation">
          <valueCode value="SHALL"/>
        </extension>
        <code value="search-type"/>
        <documentation value="Allows discovery of existing US Core patient resources using different search criteria"/>
      </interaction>
      <interaction>
        <extension url="http://hl7.org/fhir/StructureDefinition/capabilitystatement-expectation">
          <valueCode value="SHALL"/>
        </extension>
        <code value="read"/>
        <documentation value="Allows retrieval of a specific US Core patients by id"/>
      </interaction>
      <interaction>
        <extension url="http://hl7.org/fhir/StructureDefinition/capabilitystatement-expectation">
          <valueCode value="SHOULD"/>
        </extension>
        <code value="history-instance"/>
        <documentation value="Allows review of changes to US Core patient instance over time"/>
      </interaction>
      <interaction>
        <extension url="http://hl7.org/fhir/StructureDefinition/capabilitystatement-expectation">
          <valueCode value="SHOULD"/>
        </extension>
        <code value="vread"/>
        <documentation value="Allows retrieval of a historical version of a US Core patient instance"/>
      </interaction>
      <searchParam>
        <extension url="http://hl7.org/fhir/StructureDefinition/capabilitystatement-expectation">
          <valueCode value="SHALL"/>
        </extension>
        <name value="name"/>
        <definition value="http://hl7.org/fhir/SearchParameter/Patient-name"/>
        <type value="string"/>
        <documentation value="todo"/>
      </searchParam>
      <searchParam>
        <extension url="http://hl7.org/fhir/StructureDefinition/capabilitystatement-expectation">
          <valueCode value="SHALL"/>
        </extension>
        <name value="family"/>
        <definition value="http://hl7.org/fhir/SearchParameter/Patient-family"/>
        <type value="string"/>
      </searchParam>
      <searchParam>
        <extension url="http://hl7.org/fhir/StructureDefinition/capabilitystatement-expectation">
          <valueCode value="SHALL"/>
        </extension>
        <name value="given"/>
        <definition value="http://hl7.org/fhir/SearchParameter/Patient-given"/>
        <type value="string"/>
      </searchParam>
      <searchParam>
        <extension url="http://hl7.org/fhir/StructureDefinition/capabilitystatement-expectation">
          <valueCode value="SHALL"/>
        </extension>
        <name value="identifier"/>
        <definition value="http://hl7.org/fhir/SearchParameter/Patient-identifier"/>
        <type value="token"/>
      </searchParam>
      <searchParam>
        <extension url="http://hl7.org/fhir/StructureDefinition/capabilitystatement-expectation">
          <valueCode value="SHALL"/>
        </extension>
        <name value="gender"/>
        <definition value="http://hl7.org/fhir/SearchParameter/Patient-gender"/>
        <type value="token"/>
      </searchParam>
      <searchParam>
        <extension url="http://hl7.org/fhir/StructureDefinition/capabilitystatement-expectation">
          <valueCode value="SHALL"/>
        </extension>
        <name value="birthdate"/>
        <definition value="http://hl7.org/fhir/SearchParameter/Patient-birthdate"/>
        <type value="date"/>
      </searchParam>
    </resource>
    <resource>
      <type value="AllergyIntolerance"/>
      <profile>
        <reference value="http://hl7.org/fhir/us/core/StructureDefinition-us-core-allergyintolerance.html"/>
      </profile>
      <interaction>
        <extension url="http://hl7.org/fhir/StructureDefinition/capabilitystatement-expectation">
          <valueCode value="SHALL"/>
        </extension>
        <code value="search-type"/>
        <documentation value="Allows discovery of existing US Core AllergyIntolerance resources using different search criteria"/>
      </interaction>
      <interaction>
        <extension url="http://hl7.org/fhir/StructureDefinition/capabilitystatement-expectation">
          <valueCode value="SHALL"/>
        </extension>
        <code value="read"/>
        <documentation value="Allows retrieval of a specific US Core AllergyIntolerance by id"/>
      </interaction>
      <interaction>
        <extension url="http://hl7.org/fhir/StructureDefinition/capabilitystatement-expectation">
          <valueCode value="SHOULD"/>
        </extension>
        <code value="history-instance"/>
        <documentation value="Allows review of changes to US Core AllergyIntolerance instance over time"/>
      </interaction>
      <interaction>
        <extension url="http://hl7.org/fhir/StructureDefinition/capabilitystatement-expectation">
          <valueCode value="SHOULD"/>
        </extension>
        <code value="vread"/>
        <documentation value="Allows retrieval of a historical version of a US Core AllergyIntolerance instance"/>
      </interaction>
      <searchParam>
        <extension url="http://hl7.org/fhir/StructureDefinition/capabilitystatement-expectation">
          <valueCode value="SHALL"/>
        </extension>
        <name value="patient"/>
        <definition value="http://hl7.org/fhir/SearchParameter/AllergyIntolerance-Patient"/>
        <type value="reference"/>
      </searchParam>
    </resource>
    <resource>
      <type value="CarePlan"/>
      <profile>
        <reference value="http://hl7.org/fhir/us/core/StructureDefinition-us-core-careplan.html"/>
      </profile>
      <interaction>
        <extension url="http://hl7.org/fhir/StructureDefinition/capabilitystatement-expectation">
          <valueCode value="SHALL"/>
        </extension>
        <code value="search-type"/>
        <documentation value="Allows discovery of existing US Core careplan resources using different search criteria"/>
      </interaction>
      <interaction>
        <extension url="http://hl7.org/fhir/StructureDefinition/capabilitystatement-expectation">
          <valueCode value="SHALL"/>
        </extension>
        <code value="read"/>
        <documentation value="Allows retrieval of a specific US Core careplan by id"/>
      </interaction>
      <interaction>
        <extension url="http://hl7.org/fhir/StructureDefinition/capabilitystatement-expectation">
          <valueCode value="SHOULD"/>
        </extension>
        <code value="history-instance"/>
        <documentation value="Allows review of changes to US Core careplan instance over time"/>
      </interaction>
      <interaction>
        <extension url="http://hl7.org/fhir/StructureDefinition/capabilitystatement-expectation">
          <valueCode value="SHOULD"/>
        </extension>
        <code value="vread"/>
        <documentation value="Allows retrieval of a historical version of a US Core careplan instance"/>
      </interaction>
      <searchParam>
        <extension url="http://hl7.org/fhir/StructureDefinition/capabilitystatement-expectation">
          <valueCode value="SHALL"/>
        </extension>
        <name value="patient"/>
        <definition value="http://hl7.org/fhir/SearchParameter/CarePlan-Patient"/>
        <type value="reference"/>
      </searchParam>
      <searchParam>
        <extension url="http://hl7.org/fhir/StructureDefinition/capabilitystatement-expectation">
          <valueCode value="SHALL"/>
        </extension>
        <name value="category"/>
        <definition value="http://hl7.org/fhir/SearchParameter/CarePlan-Category"/>
        <type value="token"/>
      </searchParam>
      <searchParam>
        <extension url="http://hl7.org/fhir/StructureDefinition/capabilitystatement-expectation">
          <valueCode value="SHALL"/>
        </extension>
        <name value="status"/>
        <definition value="http://hl7.org/fhir/SearchParameter/CarePlan-Status"/>
        <type value="token"/>
      </searchParam>
      <searchParam>
        <extension url="http://hl7.org/fhir/StructureDefinition/capabilitystatement-expectation">
          <valueCode value="SHALL"/>
        </extension>
        <name value="date"/>
        <definition value="http://hl7.org/fhir/SearchParameter/CarePlan-Date"/>
        <type value="date"/>
        <documentation value="The server SHALL support the [http://hl7.org/fhir/2017Jan/search.html#prefix date search modifiers] &#39;ge&#39;,&#39;le&#39;,&#39;eq&#39; for this profile"/>
      </searchParam>
    </resource>
    <resource>
      <type value="CareTeam"/>
      <profile>
        <reference value="http://hl7.org/fhir/us/core/StructureDefinition-us-core-careteam.html"/>
      </profile>
      <interaction>
        <extension url="http://hl7.org/fhir/StructureDefinition/capabilitystatement-expectation">
          <valueCode value="SHALL"/>
        </extension>
        <code value="search-type"/>
        <documentation value="Allows discovery of existing US Core careteam resources using different search criteria"/>
      </interaction>
      <interaction>
        <extension url="http://hl7.org/fhir/StructureDefinition/capabilitystatement-expectation">
          <valueCode value="SHALL"/>
        </extension>
        <code value="read"/>
        <documentation value="Allows retrieval of a specific US Core careteam by id"/>
      </interaction>
      <interaction>
        <extension url="http://hl7.org/fhir/StructureDefinition/capabilitystatement-expectation">
          <valueCode value="SHOULD"/>
        </extension>
        <code value="history-instance"/>
        <documentation value="Allows review of changes to US Core careteam instance over time"/>
      </interaction>
      <interaction>
        <extension url="http://hl7.org/fhir/StructureDefinition/capabilitystatement-expectation">
          <valueCode value="SHOULD"/>
        </extension>
        <code value="vread"/>
        <documentation value="Allows retrieval of a historical version of a US Core careteam instance"/>
      </interaction>
      <searchParam>
        <extension url="http://hl7.org/fhir/StructureDefinition/capabilitystatement-expectation">
          <valueCode value="SHALL"/>
        </extension>
        <name value="patient"/>
        <definition value="http://hl7.org/fhir/SearchParameter/CareTeam-Patient"/>
        <type value="reference"/>
      </searchParam>
      <searchParam>
        <extension url="http://hl7.org/fhir/StructureDefinition/capabilitystatement-expectation">
          <valueCode value="SHALL"/>
        </extension>
        <name value="status"/>
        <definition value="http://hl7.org/fhir/SearchParameter/CareTeam-Status"/>
        <type value="token"/>
      </searchParam>
    </resource>
    <resource>
      <type value="Condition"/>
      <profile>
        <reference value="http://hl7.org/fhir/us/core/StructureDefinition-us-core-condition.html"/>
      </profile>
      <interaction>
        <extension url="http://hl7.org/fhir/StructureDefinition/capabilitystatement-expectation">
          <valueCode value="SHALL"/>
        </extension>
        <code value="search-type"/>
        <documentation value="Allows discovery of existing US Core condition resources using different search criteria"/>
      </interaction>
      <interaction>
        <extension url="http://hl7.org/fhir/StructureDefinition/capabilitystatement-expectation">
          <valueCode value="SHALL"/>
        </extension>
        <code value="read"/>
        <documentation value="Allows retrieval of a specific US Core condition by id"/>
      </interaction>
      <interaction>
        <extension url="http://hl7.org/fhir/StructureDefinition/capabilitystatement-expectation">
          <valueCode value="SHOULD"/>
        </extension>
        <code value="history-instance"/>
        <documentation value="Allows review of changes to US Core condition instance over time"/>
      </interaction>
      <interaction>
        <extension url="http://hl7.org/fhir/StructureDefinition/capabilitystatement-expectation">
          <valueCode value="SHOULD"/>
        </extension>
        <code value="vread"/>
        <documentation value="Allows retrieval of a historical version of a US Core condition instance"/>
      </interaction>
      <searchParam>
        <extension url="http://hl7.org/fhir/StructureDefinition/capabilitystatement-expectation">
          <valueCode value="SHALL"/>
        </extension>
        <name value="patient"/>
        <definition value="http://hl7.org/fhir/SearchParameter/Condition-Patient"/>
        <type value="reference"/>
      </searchParam>
      <searchParam>
        <extension url="http://hl7.org/fhir/StructureDefinition/capabilitystatement-expectation">
          <valueCode value="SHALL"/>
        </extension>
        <name value="category"/>
        <definition value="http://hl7.org/fhir/SearchParameter/Condition-Category"/>
        <type value="token"/>
      </searchParam>
      <searchParam>
        <extension url="http://hl7.org/fhir/StructureDefinition/capabilitystatement-expectation">
          <valueCode value="SHALL"/>
        </extension>
        <name value="clinicalstatus"/>
        <definition value="http://hl7.org/fhir/SearchParameter/Condition-ClinicalStatus"/>
        <type value="token"/>
      </searchParam>
    </resource>
    <resource>
      <type value="Device"/>
      <profile>
        <reference value="http://hl7.org/fhir/us/core/StructureDefinition-us-core-device.html"/>
      </profile>
      <interaction>
        <extension url="http://hl7.org/fhir/StructureDefinition/capabilitystatement-expectation">
          <valueCode value="SHALL"/>
        </extension>
        <code value="search-type"/>
        <documentation value="Allows discovery of existing US Core device resources using different search criteria"/>
      </interaction>
      <interaction>
        <extension url="http://hl7.org/fhir/StructureDefinition/capabilitystatement-expectation">
          <valueCode value="SHALL"/>
        </extension>
        <code value="read"/>
        <documentation value="Allows retrieval of a specific US Core device by id"/>
      </interaction>
      <interaction>
        <extension url="http://hl7.org/fhir/StructureDefinition/capabilitystatement-expectation">
          <valueCode value="SHOULD"/>
        </extension>
        <code value="history-instance"/>
        <documentation value="Allows review of changes to US Core device instance over time"/>
      </interaction>
      <interaction>
        <extension url="http://hl7.org/fhir/StructureDefinition/capabilitystatement-expectation">
          <valueCode value="SHOULD"/>
        </extension>
        <code value="vread"/>
        <documentation value="Allows retrieval of a historical version of a US Core device instance"/>
      </interaction>
      <searchParam>
        <extension url="http://hl7.org/fhir/StructureDefinition/capabilitystatement-expectation">
          <valueCode value="SHALL"/>
        </extension>
        <name value="patient"/>
        <definition value="http://hl7.org/fhir/SearchParameter/Device-Patient"/>
        <type value="reference"/>
      </searchParam>
    </resource>
    <resource>
      <type value="Goal"/>
      <profile>
        <reference value="http://hl7.org/fhir/us/core/StructureDefinition-us-core-Goal.html"/>
      </profile>
      <interaction>
        <extension url="http://hl7.org/fhir/StructureDefinition/capabilitystatement-expectation">
          <valueCode value="SHALL"/>
        </extension>
        <code value="search-type"/>
        <documentation value="Allows discovery of existing US Core Goal resources using different search criteria"/>
      </interaction>
      <interaction>
        <extension url="http://hl7.org/fhir/StructureDefinition/capabilitystatement-expectation">
          <valueCode value="SHALL"/>
        </extension>
        <code value="read"/>
        <documentation value="Allows retrieval of a specific US Core Goal by id"/>
      </interaction>
      <interaction>
        <extension url="http://hl7.org/fhir/StructureDefinition/capabilitystatement-expectation">
          <valueCode value="SHOULD"/>
        </extension>
        <code value="history-instance"/>
        <documentation value="Allows review of changes to US Core Goal instance over time"/>
      </interaction>
      <interaction>
        <extension url="http://hl7.org/fhir/StructureDefinition/capabilitystatement-expectation">
          <valueCode value="SHOULD"/>
        </extension>
        <code value="vread"/>
        <documentation value="Allows retrieval of a historical version of a US Core Goal instance"/>
      </interaction>
      <searchParam>
        <extension url="http://hl7.org/fhir/StructureDefinition/capabilitystatement-expectation">
          <valueCode value="SHALL"/>
        </extension>
        <name value="patient"/>
        <definition value="http://hl7.org/fhir/SearchParameter/Goal-Patient"/>
        <type value="reference"/>
      </searchParam>
      <searchParam>
        <extension url="http://hl7.org/fhir/StructureDefinition/capabilitystatement-expectation">
          <valueCode value="SHALL"/>
        </extension>
        <name value="date"/>
        <definition value="http://hl7.org/fhir/SearchParameter/Goal-Date"/>
        <type value="date"/>
        <documentation value="The server SHALL support the [http://hl7.org/fhir/2017Jan/search.html#prefix date search modifiers] &#39;ge&#39;,&#39;le&#39;,&#39;eq&#39; for this profile"/>
      </searchParam>
    </resource>
    <resource>
      <type value="Immunization"/>
      <profile>
        <reference value="http://hl7.org/fhir/us/core/StructureDefinition-us-core-immunization.html"/>
      </profile>
      <interaction>
        <extension url="http://hl7.org/fhir/StructureDefinition/capabilitystatement-expectation">
          <valueCode value="SHALL"/>
        </extension>
        <code value="search-type"/>
        <documentation value="Allows discovery of existing US Core immunization resources using different search criteria"/>
      </interaction>
      <interaction>
        <extension url="http://hl7.org/fhir/StructureDefinition/capabilitystatement-expectation">
          <valueCode value="SHALL"/>
        </extension>
        <code value="read"/>
        <documentation value="Allows retrieval of a specific US Core immunization by id"/>
      </interaction>
      <interaction>
        <extension url="http://hl7.org/fhir/StructureDefinition/capabilitystatement-expectation">
          <valueCode value="SHOULD"/>
        </extension>
        <code value="history-instance"/>
        <documentation value="Allows review of changes to US Core immunization instance over time"/>
      </interaction>
      <interaction>
        <extension url="http://hl7.org/fhir/StructureDefinition/capabilitystatement-expectation">
          <valueCode value="SHOULD"/>
        </extension>
        <code value="vread"/>
        <documentation value="Allows retrieval of a historical version of a US Core immunization instance"/>
      </interaction>
      <searchParam>
        <extension url="http://hl7.org/fhir/StructureDefinition/capabilitystatement-expectation">
          <valueCode value="SHALL"/>
        </extension>
        <name value="patient"/>
        <definition value="http://hl7.org/fhir/SearchParameter/Immunization-Patient"/>
        <type value="reference"/>
      </searchParam>
    </resource>
    <resource>
      <type value="DiagnosticReport"/>
      <profile>
        <reference value="http://hl7.org/fhir/us/core/StructureDefinition-us-core-diagnosticreport.html"/>
      </profile>
      <interaction>
        <extension url="http://hl7.org/fhir/StructureDefinition/capabilitystatement-expectation">
          <valueCode value="SHALL"/>
        </extension>
        <code value="search-type"/>
        <documentation value="Allows discovery of existing US Core diagnosticreport resources using different search criteria"/>
      </interaction>
      <interaction>
        <extension url="http://hl7.org/fhir/StructureDefinition/capabilitystatement-expectation">
          <valueCode value="SHALL"/>
        </extension>
        <code value="read"/>
        <documentation value="Allows retrieval of a specific US Core diagnosticreport by id"/>
      </interaction>
      <interaction>
        <extension url="http://hl7.org/fhir/StructureDefinition/capabilitystatement-expectation">
          <valueCode value="SHOULD"/>
        </extension>
        <code value="history-instance"/>
        <documentation value="Allows review of changes to US Core diagnosticreport instance over time"/>
      </interaction>
      <interaction>
        <extension url="http://hl7.org/fhir/StructureDefinition/capabilitystatement-expectation">
          <valueCode value="SHOULD"/>
        </extension>
        <code value="vread"/>
        <documentation value="Allows retrieval of a historical version of a US Core diagnosticreport instance"/>
      </interaction>
      <searchParam>
        <extension url="http://hl7.org/fhir/StructureDefinition/capabilitystatement-expectation">
          <valueCode value="SHALL"/>
        </extension>
        <name value="patient"/>
        <definition value="http://hl7.org/fhir/SearchParameter/DiagnosticReport-Patient"/>
        <type value="reference"/>
      </searchParam>
      <searchParam>
        <extension url="http://hl7.org/fhir/StructureDefinition/capabilitystatement-expectation">
          <valueCode value="SHALL"/>
        </extension>
        <name value="category"/>
        <definition value="http://hl7.org/fhir/SearchParameter/DiagnosticReport-Category"/>
        <type value="token"/>
      </searchParam>
      <searchParam>
        <extension url="http://hl7.org/fhir/StructureDefinition/capabilitystatement-expectation">
          <valueCode value="SHALL"/>
        </extension>
        <name value="code"/>
        <definition value="http://hl7.org/fhir/SearchParameter/DiagnosticReport-Code"/>
        <type value="token"/>
      </searchParam>
      <searchParam>
        <extension url="http://hl7.org/fhir/StructureDefinition/capabilitystatement-expectation">
          <valueCode value="SHALL"/>
        </extension>
        <name value="date"/>
        <definition value="http://hl7.org/fhir/SearchParameter/DiagnosticReport-Date"/>
        <type value="date"/>
        <documentation value="The server SHALL support the [http://hl7.org/fhir/2017Jan/search.html#prefix date search modifiers] &#39;ge&#39;,&#39;le&#39;,&#39;eq&#39; for this profile"/>
      </searchParam>
    </resource>
    <resource>
      <type value="Medication"/>
      <profile>
        <reference value="http://hl7.org/fhir/us/core/StructureDefinition-us-core-medication.html"/>
      </profile>
      <documentation value="The MedicationStatement and MedicationRequest resources can represent a medication, using either a code or refer to a Medication resource.  If the Medication Resource is used in a MedicationStatement or a MedicationRequest,  then the READ and SEARCH Criteria  &#39;&#39;&#39;SHALL&#39;&#39;&#39; be supported."/>
      <interaction>
        <extension url="http://hl7.org/fhir/StructureDefinition/capabilitystatement-expectation">
          <valueCode value="SHOULD"/>
        </extension>
        <code value="search-type"/>
        <documentation value="IF the Medication Resource is used in a MedicationStatement or a MedicationRequest.   Allows discovery of existing US Core Medication resources using different search criteria."/>
      </interaction>
      <interaction>
        <extension url="http://hl7.org/fhir/StructureDefinition/capabilitystatement-expectation">
          <valueCode value="SHOULD"/>
        </extension>
        <code value="read"/>
        <documentation value="IF the Medication Resource is used in a MedicationStatement or a MedicationRequest.  Allows retrieval of a specific US Core Medication by id"/>
      </interaction>
      <interaction>
        <extension url="http://hl7.org/fhir/StructureDefinition/capabilitystatement-expectation">
          <valueCode value="SHOULD"/>
        </extension>
        <code value="history-instance"/>
        <documentation value="Allows review of changes to US Core Medication instance over time"/>
      </interaction>
      <interaction>
        <extension url="http://hl7.org/fhir/StructureDefinition/capabilitystatement-expectation">
          <valueCode value="SHOULD"/>
        </extension>
        <code value="vread"/>
        <documentation value="Allows retrieval of a historical version of a US Core Medication instance"/>
      </interaction>
    </resource>
    <resource>
      <type value="MedicationStatement"/>
      <profile>
        <reference value="http://hl7.org/fhir/us/core/StructureDefinition-us-core-medicationstatement.html"/>
      </profile>
      <documentation value="    The MedicationStatement and MedicationRequest resources can represent a medication, using either a code or refer to a Medication resource.    When referencing a Medication resource,  the resource may be [http://hl7.org/fhir/2017Jan/references.html#contained contained] or an external resource.   The server application can choose any one way or more than one method,  but if the an external reference to Medication is used, the server SHALL support the [http://hl7.org/fhir/2017Jan/search.html#include include] parameter for searching this element.   The client application must support both methods."/>
      <interaction>
        <extension url="http://hl7.org/fhir/StructureDefinition/capabilitystatement-expectation">
          <valueCode value="SHALL"/>
        </extension>
        <code value="search-type"/>
        <documentation value="Allows discovery of existing US Core medicationstatement resources using different search criteria"/>
      </interaction>
      <interaction>
        <extension url="http://hl7.org/fhir/StructureDefinition/capabilitystatement-expectation">
          <valueCode value="SHALL"/>
        </extension>
        <code value="read"/>
        <documentation value="Allows retrieval of a specific US Core medicationstatement by id"/>
      </interaction>
      <interaction>
        <extension url="http://hl7.org/fhir/StructureDefinition/capabilitystatement-expectation">
          <valueCode value="SHOULD"/>
        </extension>
        <code value="history-instance"/>
        <documentation value="Allows review of changes to US Core medicationstatement instance over time"/>
      </interaction>
      <interaction>
        <extension url="http://hl7.org/fhir/StructureDefinition/capabilitystatement-expectation">
          <valueCode value="SHOULD"/>
        </extension>
        <code value="vread"/>
        <documentation value="Allows retrieval of a historical version of a US Core medicationstatement instance"/>
      </interaction>
      <searchInclude value="MedicationStatement.medicationReference">
        <extension url="http://hl7.org/fhir/StructureDefinition/capabilitystatement-expectation">
          <valueCode value="MAY"/>
        </extension>
      </searchInclude>
      <searchParam>
        <extension url="http://hl7.org/fhir/StructureDefinition/capabilitystatement-expectation">
          <valueCode value="SHALL"/>
        </extension>
        <name value="patient"/>
        <definition value="http://hl7.org/fhir/SearchParameter/MedicationStatement-Patient"/>
        <type value="reference"/>
      </searchParam>
    </resource>
    <resource>
      <type value="MedicationRequest"/>
      <profile>
        <reference value="http://hl7.org/fhir/us/core/StructureDefinition-us-core-medicationrequest.html"/>
      </profile>
      <documentation value="    The MedicationStatement and MedicationRequest resources can represent a medication, using either a code or refer to a Medication resource.    When referencing a Medication resource,  the resource may be [http://hl7.org/fhir/2017Jan/references.html#contained contained] or an external resource.   The server application can choose any one way or more than one method,  but if the an external reference to Medication is used, the server SHALL support the [http://hl7.org/fhir/2017Jan/search.html#include include] parameter for searching this element.   The client application must support both methods."/>
      <interaction>
        <extension url="http://hl7.org/fhir/StructureDefinition/capabilitystatement-expectation">
          <valueCode value="SHALL"/>
        </extension>
        <code value="search-type"/>
        <documentation value="Allows discovery of existing US Core medicationrequest resources using different search criteria"/>
      </interaction>
      <interaction>
        <extension url="http://hl7.org/fhir/StructureDefinition/capabilitystatement-expectation">
          <valueCode value="SHALL"/>
        </extension>
        <code value="read"/>
        <documentation value="Allows retrieval of a specific US Core medicationrequest by id"/>
      </interaction>
      <interaction>
        <extension url="http://hl7.org/fhir/StructureDefinition/capabilitystatement-expectation">
          <valueCode value="SHOULD"/>
        </extension>
        <code value="history-instance"/>
        <documentation value="Allows review of changes to US Core medicationrequest instance over time"/>
      </interaction>
      <interaction>
        <extension url="http://hl7.org/fhir/StructureDefinition/capabilitystatement-expectation">
          <valueCode value="SHOULD"/>
        </extension>
        <code value="vread"/>
        <documentation value="Allows retrieval of a historical version of a US Core medicationrequest instance"/>
      </interaction>
      <searchInclude value="MedicationRequest.medicationReference">
        <extension url="http://hl7.org/fhir/StructureDefinition/capabilitystatement-expectation">
          <valueCode value="MAY"/>
        </extension>
      </searchInclude>
      <searchParam>
        <extension url="http://hl7.org/fhir/StructureDefinition/capabilitystatement-expectation">
          <valueCode value="SHALL"/>
        </extension>
        <name value="patient"/>
        <definition value="http://hl7.org/fhir/SearchParameter/MedicationRequest-Patient"/>
        <type value="reference"/>
      </searchParam>
    </resource>
    <resource>
      <type value="Observation"/>
      <profile>
        <reference value="http://hl7.org/fhir/us/core/StructureDefinition-us-core-smokingstatus.html"/>
      </profile>
      <interaction>
        <extension url="http://hl7.org/fhir/StructureDefinition/capabilitystatement-expectation">
          <valueCode value="SHALL"/>
        </extension>
        <code value="search-type"/>
        <documentation value="Allows discovery of existing US Core smokingstatus resources using different search criteria"/>
      </interaction>
      <interaction>
        <extension url="http://hl7.org/fhir/StructureDefinition/capabilitystatement-expectation">
          <valueCode value="SHALL"/>
        </extension>
        <code value="read"/>
        <documentation value="Allows retrieval of a specific US Core smokingstatus by id"/>
      </interaction>
      <interaction>
        <extension url="http://hl7.org/fhir/StructureDefinition/capabilitystatement-expectation">
          <valueCode value="SHOULD"/>
        </extension>
        <code value="history-instance"/>
        <documentation value="Allows review of changes to US Core smokingstatus instance over time"/>
      </interaction>
      <interaction>
        <extension url="http://hl7.org/fhir/StructureDefinition/capabilitystatement-expectation">
          <valueCode value="SHOULD"/>
        </extension>
        <code value="vread"/>
        <documentation value="Allows retrieval of a historical version of a US Core smokingstatus instance"/>
      </interaction>
      <searchParam>
        <extension url="http://hl7.org/fhir/StructureDefinition/capabilitystatement-expectation">
          <valueCode value="SHALL"/>
        </extension>
        <name value="patient"/>
        <definition value="http://hl7.org/fhir/SearchParameter/Observation-Patient"/>
        <type value="reference"/>
      </searchParam>
      <searchParam>
        <extension url="http://hl7.org/fhir/StructureDefinition/capabilitystatement-expectation">
          <valueCode value="SHALL"/>
        </extension>
        <name value="code"/>
        <definition value="http://hl7.org/fhir/SearchParameter/Observation-Code"/>
        <type value="token"/>
      </searchParam>
    </resource>
    <resource>
      <type value="Observation"/>
      <profile>
        <reference value="http://hl7.org/fhir/us/core/StructureDefinition-us-core-vitalsigns.html"/>
      </profile>
      <interaction>
        <extension url="http://hl7.org/fhir/StructureDefinition/capabilitystatement-expectation">
          <valueCode value="SHALL"/>
        </extension>
        <code value="search-type"/>
        <documentation value="Allows discovery of existing US Core vitalsigns resources using different search criteria"/>
      </interaction>
      <interaction>
        <extension url="http://hl7.org/fhir/StructureDefinition/capabilitystatement-expectation">
          <valueCode value="SHALL"/>
        </extension>
        <code value="read"/>
        <documentation value="Allows retrieval of a specific US Core vitalsigns by id"/>
      </interaction>
      <interaction>
        <extension url="http://hl7.org/fhir/StructureDefinition/capabilitystatement-expectation">
          <valueCode value="SHOULD"/>
        </extension>
        <code value="history-instance"/>
        <documentation value="Allows review of changes to US Core vitalsigns instance over time"/>
      </interaction>
      <interaction>
        <extension url="http://hl7.org/fhir/StructureDefinition/capabilitystatement-expectation">
          <valueCode value="SHOULD"/>
        </extension>
        <code value="vread"/>
        <documentation value="Allows retrieval of a historical version of a US Core vitalsigns instance"/>
      </interaction>
      <searchParam>
        <extension url="http://hl7.org/fhir/StructureDefinition/capabilitystatement-expectation">
          <valueCode value="SHALL"/>
        </extension>
        <name value="patient"/>
        <definition value="http://hl7.org/fhir/SearchParameter/Observation-Patient"/>
        <type value="reference"/>
      </searchParam>
      <searchParam>
        <extension url="http://hl7.org/fhir/StructureDefinition/capabilitystatement-expectation">
          <valueCode value="SHALL"/>
        </extension>
        <name value="category"/>
        <definition value="http://hl7.org/fhir/SearchParameter/Observation-Category"/>
        <type value="token"/>
      </searchParam>
      <searchParam>
        <extension url="http://hl7.org/fhir/StructureDefinition/capabilitystatement-expectation">
          <valueCode value="SHALL"/>
        </extension>
        <name value="code"/>
        <definition value="http://hl7.org/fhir/SearchParameter/Observation-Code"/>
        <type value="token"/>
      </searchParam>
      <searchParam>
        <extension url="http://hl7.org/fhir/StructureDefinition/capabilitystatement-expectation">
          <valueCode value="SHALL"/>
        </extension>
        <name value="date"/>
        <definition value="http://hl7.org/fhir/SearchParameter/Observation-Date"/>
        <type value="date"/>
        <documentation value="The server SHALL support the [http://hl7.org/fhir/2017Jan/search.html#prefix date search modifiers] &#39;ge&#39;,&#39;le&#39;,&#39;eq&#39; for this profile"/>
      </searchParam>
    </resource>
    <resource>
      <type value="Procedure"/>
      <profile>
        <reference value="http://hl7.org/fhir/us/core/StructureDefinition-us-core-procedure.html"/>
      </profile>
      <interaction>
        <extension url="http://hl7.org/fhir/StructureDefinition/capabilitystatement-expectation">
          <valueCode value="SHALL"/>
        </extension>
        <code value="search-type"/>
        <documentation value="Allows discovery of existing US Core procedure resources using different search criteria"/>
      </interaction>
      <interaction>
        <extension url="http://hl7.org/fhir/StructureDefinition/capabilitystatement-expectation">
          <valueCode value="SHALL"/>
        </extension>
        <code value="read"/>
        <documentation value="Allows retrieval of a specific US Core procedure by id"/>
      </interaction>
      <interaction>
        <extension url="http://hl7.org/fhir/StructureDefinition/capabilitystatement-expectation">
          <valueCode value="SHOULD"/>
        </extension>
        <code value="history-instance"/>
        <documentation value="Allows review of changes to US Core procedure instance over time"/>
      </interaction>
      <interaction>
        <extension url="http://hl7.org/fhir/StructureDefinition/capabilitystatement-expectation">
          <valueCode value="SHOULD"/>
        </extension>
        <code value="vread"/>
        <documentation value="Allows retrieval of a historical version of a US Core procedure instance"/>
      </interaction>
      <searchParam>
        <extension url="http://hl7.org/fhir/StructureDefinition/capabilitystatement-expectation">
          <valueCode value="SHALL"/>
        </extension>
        <name value="patient"/>
        <definition value="http://hl7.org/fhir/SearchParameter/Procedure-Patient"/>
        <type value="reference"/>
      </searchParam>
      <searchParam>
        <extension url="http://hl7.org/fhir/StructureDefinition/capabilitystatement-expectation">
          <valueCode value="SHALL"/>
        </extension>
        <name value="date"/>
        <definition value="http://hl7.org/fhir/SearchParameter/Procedure-Date"/>
        <type value="date"/>
        <documentation value="The server SHALL support the [http://hl7.org/fhir/2017Jan/search.html#prefix date search modifiers] &#39;ge&#39;,&#39;le&#39;,&#39;eq&#39; for this profile"/>
      </searchParam>
    </resource>
  </rest>
</CapabilityStatement>