"Path","Slice Name","Alias(s)","Label","Min","Max","Must Support?","Is Modifier?","Is Summary?","Type(s)","Short","Definition","Comments","Requirements","Default Value","Meaning When Missing","Fixed Value","Pattern","Example","Minimum Value","Maximum Value","Maximum Length","Binding Strength","Binding Description","Binding Value Set","Code","Slicing Discriminator","Slicing Description","Slicing Ordered","Slicing Rules","Base Path","Base Min","Base Max","Condition(s)","Constraint(s)","Mapping: IHE Structured Data Capture","Mapping: RIM Mapping","Mapping: W5 Mapping","Mapping: CDISC Define XML 2.0 metadata standard","Mapping: Object Implementation Information"
"ValueSet","SDCDEValueSet","","",0,*,"","","","","A set of codes drawn from one or more code systems","Sets expectations for SDC-conformant systems around value set support for representing permitted question answers.","","","","","","","","","",,,,,"",,,,"ValueSet",0,*,"","dom-2:If the resource is contained in another resource, it SHALL NOT contain nested Resources {contained.contained.empty()}
dom-1:If the resource is contained in another resource, it SHALL NOT contain any narrative {contained.text.empty()}dom-4:If a resource is contained in another resource, it SHALL NOT have a meta.versionId or a meta.lastUpdated {contained.meta.versionId.empty() and contained.meta.lastUpdated.empty()}dom-3:If the resource is contained in another resource, it SHALL be referred to from elsewhere in the resource {contained.where(('#'+id in %resource.descendants().reference).not()).empty()}vsd-5:Value set SHALL contain at least one of a compose or an expansion element {compose.exists() or expansion.exists()}","Form_Package//list_field","Entity. Role, or Act","N/A","conformance.terminology"
"ValueSet.id","","","",0,1,"","","Y","id
","Logical id of this artifact","The logical id of the resource, as used in the URL for the resource. Once assigned, this value never changes.","The only time that a resource does not have an id is when it is being submitted to the server using a create operation.","","","","","","","","",,,,,"",,,,"Resource.id",0,1,"",""
"ValueSet.meta","","","",0,1,"","","Y","Meta
","Metadata about the resource","The metadata about the resource. This is content that is maintained by the infrastructure. Changes to the content may not always be associated with version changes to the resource.","","","","","","","","","",,,,,"",,,,"Resource.meta",0,1,"",""
"ValueSet.implicitRules","","","",0,1,"","Y","Y","uri
","A set of rules under which this content was created","A reference to a set of rules that were followed when the resource was constructed, and which must be understood when processing the content.","Asserting this rule set restricts the content to be only understood by a limited set of trading partners. This inherently limits the usefulness of the data in the long term. However, the existing health eco-system is highly fractured, and not yet ready to define, collect, and exchange data in a generally computable sense. Wherever possible, implementers and/or specification writers should avoid using this element. 

This element is labelled as a modifier because the implicit rules may provide additional knowledge about the resource that modifies it's meaning or interpretation.","","","","","","","","",,,,,"",,,,"Resource.implicitRules",0,1,"",""
"ValueSet.language","","","",0,1,"","","","code
","Language of the resource content","The base language in which the resource is written.","Language is provided to support indexing and accessibility (typically, services such as text to speech use the language tag). The html language tag in the narrative applies  to the narrative. The language tag on the resource may be used to specify the language of other presentations generated from the data in the resource  Not all the content has to be in the base language. The Resource.language should not be assumed to apply to the narrative automatically. If a language is specified, it should it also be specified on the div element in the html (see rules in HTML5 for information about the relationship between xml:lang and the html lang attribute).","","","","","","","","",,"extensible","A human language.","http://hl7.org/fhir/ValueSet/languages","",,,,"Resource.language",0,1,"",""
"ValueSet.text","","narrative
htmlxhtmldisplay","",0,1,"","","","Narrative
","Text summary of the resource, for human interpretation","A human-readable narrative that contains a summary of the resource, and may be used to represent the content of the resource to a human. The narrative need not encode all the structured data, but is required to contain sufficient detail to make it ""clinically safe"" for a human to just read the narrative. Resource definitions may define what content should be represented in the narrative to ensure clinical safety.","Contained resources do not have narrative. Resources that are not contained SHOULD have a narrative. In some cases, a resource may only have text with little or no additional discrete data (as long as all minOccurs=1 elements are satisfied).  This may be necessary for data from legacy systems where information is captured as a ""text blob"" or where text is additionally entered raw or narrated and encoded in formation is added later.","","","","","","","","",,,,,"",,,,"DomainResource.text",0,1,"dom-1
","","Act.text?"
"ValueSet.contained","","inline resources
anonymous resourcescontained resources","",0,*,"","","","Resource
","Contained, inline Resources","These resources do not have an independent existence apart from the resource that contains them - they cannot be identified independently, and nor can they have their own independent transaction scope.","This should never be done when the content can be identified properly, as once identification is lost, it is extremely difficult (and context dependent) to restore it again.","","","","","","","","",,,,,"",,,,"DomainResource.contained",0,*,"","","N/A"
"ValueSet.extension","","","",0,*,"","","","Extension
","Extension","An Extension","","","","","","","","","",,,,,"","value:url}
","",,"open","DomainResource.extension",0,*,"",""
"ValueSet.extension","styleSensitive","","",0,1,"Y","","","Extension {http://hl7.org/fhir/StructureDefinition/rendering-styleSensitive}
","Extension","An Extension","","","","","","","","","",,,,,"",,,,"DomainResource.extension",0,*,"ele-1
","ele-1:All FHIR elements must have a @value or children {children().count() > id.count()}
ext-1:Must have either extensions or value[x], not both {extension.exists() != value.exists()}","N/A (new requirement)"
"ValueSet.modifierExtension","","extensions
user content","",0,*,"","Y","","Extension
","Extensions that cannot be ignored","May be used to represent additional information that is not part of the basic definition of the resource, and that modifies the understanding of the element that contains it. Usually modifier elements provide negation or qualification. In order to make the use of extensions safe and manageable, there is a strict set of governance applied to the definition and use of extensions. Though any implementer is allowed to define an extension, there is a set of requirements that SHALL be met as part of the definition of the extension. Applications processing a resource are required to check for modifier extensions.","There can be no stigma associated with the use of extensions by any application, project, or standard - regardless of the institution or jurisdiction that uses or defines the extensions.  The use of extensions is what allows the FHIR specification to retain a core level of simplicity for everyone.","","","","","","","","",,,,,"",,,,"DomainResource.modifierExtension",0,*,"","","N/A"
"ValueSet.url","","","",0,1,"Y","","Y","uri
","Logical URI to reference this value set (globally unique)","An absolute URI that is used to identify this value set when it is referenced in a specification, model, design or an instance. This SHALL be a URL, SHOULD be globally unique, and SHOULD be an address at which this value set is (or will be) published. The URL SHOULD include the major version of the value set. For more information see [Technical and Business Versions](resource.html#versions).","Can be a urn:uuid: or a urn:oid:, but real http: addresses are preferred.  Multiple instances may share the same url if they have a distinct version.","Allows the value set to be referenced by a single globally unique identifier.","","","","","","","",,,,,"",,,,"ValueSet.url",0,1,"","","N/A","id"
"ValueSet.identifier","","","",0,*,"","","Y","Identifier
","Additional identifier for the value set","A formal identifier that is used to identify this value set when it is represented in other formats, or referenced in a specification, model, design or an instance.","Typically, this is used for identifiers that can go in an HL7 V3 II (instance identifier) data type, e.g., to identify this value set outside of FHIR, where it is not possible to use the logical URI.","Allows externally provided and/or usable business identifiers to be easily associated with the module.","","","","","","","",,,,,"",,,,"ValueSet.identifier",0,*,"","","id","Identifier part","no-gen-base"
"ValueSet.version","","","",0,1,"","","Y","string
","Business version of the value set","The identifier that is used to identify this version of the value set when it is referenced in a specification, model, design or instance. This is an arbitrary value managed by the value set author and is not expected to be globally unique. For example, it might be a timestamp (e.g. yyyymmdd) if a managed version is not available. There is also no expectation that versions can be placed in a lexicographical sequence.","There may be different value set instances that have the same identifier but different versions.  The version can be appended to the url in a reference to allow a refrence to a particular business version of the value set with the format [url]|[version].","","","","","","","","",,,,,"",,,,"ValueSet.version",0,1,"","","id.version"
"ValueSet.name","","","",1,1,"Y","","Y","string
","Name for this value set (computer friendly)","A natural language name identifying the value set. This name should be usable as an identifier for the module by machine processing applications such as code generation.","The name is not expected to be globally unique. The name should be a simple alpha-numeric type name to ensure that it is computable friendly. A name should be provided unless the value set is a contained resource (e.g. an anonymous value set in a profile). Most registries will require a name.","Support human navigation and code generation.","","","","","","","",,,,,"",,,,"ValueSet.name",0,1,"",""
"ValueSet.title","","","",0,1,"","","Y","string
","Name for this value set (human friendly)","A short, descriptive, user-friendly title for the value set.","This name does not need to be machine-processing friendly and may contain punctuation, white-space, etc.","","","","","","","","",,,,,"",,,,"ValueSet.title",0,1,"",""
"ValueSet.status","","","",1,1,"Y","Y","Y","code
","draft | active | retired | unknown","The status of this value set. Enables tracking the life-cycle of the content.","Allows filtering of value sets that are appropriate for use vs. not.  
This is labeled as ""Is Modifier"" because applications should not use a retired value set without due consideration.","","","","","","","","",,"required","The lifecycle status of a Value Set or Concept Map.","http://hl7.org/fhir/ValueSet/publication-status","",,,,"ValueSet.status",1,1,"","","status"
"ValueSet.experimental","","","",0,1,"Y","Y","Y","boolean
","For testing purposes, not real usage","A boolean value to indicate that this value set is authored for testing purposes (or education/evaluation/marketing), and is not intended to be used for genuine usage.","Allows filtering of value set that are appropriate for use vs. not. This is labeled as ""Is Modifier"" because applications should not use an experimental value set in production.","Enables experimental content to be developed following the same lifecycle that would be used for a production-level value set.","","","","","","","",,,,,"",,,,"ValueSet.experimental",0,1,"","","class"
"ValueSet.date","","Revision Date
","",0,1,"Y","","Y","dateTime
","Date this was last changed","The date  (and optionally time) when the value set was published. The date must change if and when the business version changes and it must change if the status code changes. In addition, it should change when the substantive content of the value set changes. (e.g. the 'content logical definition').","Note that this is not the same as the resource last-modified-date, since the resource may be a secondary representation of the value set. Additional specific dates may be added as extensions or be found by consulting Provenances associated with past versions of the resource.","","","","","","","","",,,,,"",,,,"ValueSet.date",0,1,"","","N/A","when.recorded"
"ValueSet.publisher","","","",0,1,"","","Y","string
","Name of the publisher (organization or individual)","The name of the individual or organization that published the value set.","Usually an organization, but may be an individual. The publisher (or steward) of the value set is the organization or individual primarily responsible for the maintenance and upkeep of the value set. This is not necessarily the same individual or organization that developed and initially authored the content. The publisher is the primary point of contact for questions or issues with the value set. This item SHOULD be populated unless the information is available from context.","Helps establish the ""authority/credibility"" of the value set.  May also allow for contact.","","","","","","","",,,,,"",,,,"ValueSet.publisher",0,1,"","","who.witness"
"ValueSet.contact","","","",0,*,"","","Y","ContactDetail
","Contact details for the publisher","Contact details to assist a user in finding and communicating with the publisher.","May be a web site, an email address, a telephone number, etc.","","","","","","","","",,,,,"",,,,"ValueSet.contact",0,*,"",""
"ValueSet.description","","Scope
Purpose","",1,1,"Y","","","markdown
","Natural language description of the value set","A free text natural language description of the value set from a consumer's perspective.","This description can be used to capture details such as why the value set was built, comments about misuse, instructions for clinical use and interpretation, literature references, examples from the paper world, etc. It is not a rendering of the value set as conveyed in the 'text' field of the resource itself. This item SHOULD be populated unless the information is available from context (e.g. the language of the profile is presumed to be the predominant language in the place the profile was created). The description is not intended to describe the semantics of the Value Set - there are no intrinsic semantics separate from the codes contained in its expansion. The description should capture its intended use, which is needed for ensuring integrity for its use in models across future changes. A description should be provided unless the value set is a contained resource (e.g. an anonymous value set in a profile). Most registries will require a description.","","","","","","","","",,,,,"",,,,"ValueSet.description",0,1,"","","N/A"
"ValueSet.useContext","","","",0,*,"","","Y","UsageContext
","Context the content is intended to support","The content was developed with a focus and intent of supporting the contexts that are listed. These terms may be used to assist with indexing and searching for appropriate value set instances.","When multiple useContexts are specified, there is no expectation whether all or any of the contexts apply.","Assist in searching for appropriate content.","","","","","","","",,,,,"",,,,"ValueSet.useContext",0,*,"",""
"ValueSet.jurisdiction","","","",0,*,"","","Y","CodeableConcept
","Intended jurisdiction for value set (if applicable)","A legal or geographic region in which the value set is intended to be used.","It may be possible for the value set to be used in jurisdictions other than those for which it was originally designed or intended.","","","","","","","","",,"extensible","Countries and regions within which this artifact is targeted for use","http://hl7.org/fhir/ValueSet/jurisdiction","",,,,"ValueSet.jurisdiction",0,*,"",""
"ValueSet.immutable","","","",1,1,"Y","","Y","boolean
","Indicates whether or not any change to the content logical definition may occur","If this is set to 'true', then no new versions of the content logical definition can be created.  Note: Other metadata might still change.","Normally immutability is set to 'false', which is the default assumption if it is not populated.  Note that the implication is that if this is set to 'true', there may be only one ValueSet version for this definition. Immutability tends to be set to 'true' in one of two cases: - Where the value set, by the nature of its usage, cannot change.  For example ""All specializations of ACT in ActClassCode"" - Where there's no safe way to express the ""Purpose"" such that someone else could safely make changes to the value set definition. Source workflow control must guarantee that the same URI always yields the same definition.","","","","","","","","",,,,,"",,,,"ValueSet.immutable",0,1,"",""
"ValueSet.purpose","","","",0,1,"","","","markdown
","Why this value set is defined","Explaination of why this value set is needed and why it has been designed as it has.","This element does not describe the usage of the value set Instead  it provides traceability of ''why'' the resource is either needed or ''why'' it is defined as it is.  This may be used to point to source materials or specifications that drove the structure of this value set.","","","","","","","","",,,,,"",,,,"ValueSet.purpose",0,1,"","","why","no-gen-base"
"ValueSet.copyright","","License
Restrictions","",0,1,"","","","markdown
","Use and/or publishing restrictions","A copyright statement relating to the value set and/or its contents. Copyright statements are generally legal restrictions on the use and publishing of the value set.","null Frequently, the copyright differs between the value set and the codes that are included. The copyright statement should clearly differentiate between these when required.","Consumers must be able to determine any legal restrictions on the use of the value set and/or its content.","","","","","","","",,,,,"",,,,"ValueSet.copyright",0,1,"","","no-gen-base"
"ValueSet.extensible","","","",1,1,"Y","","Y","boolean
","Whether this is intended to be used with an extensible binding","Whether this is intended to be used with an extensible binding or not.","","It is not required to say whether this intent applies.","","","","","","","",,,,,"",,,,"ValueSet.extensible",0,1,"",""
"ValueSet.compose","","Content Logical Definition
","",0,1,"Y","","","BackboneElement
","Definition of the content of the value set (CLD)","A set of criteria that define the content logical definition of the value set by including or excluding codes from outside this value set. This I also known as the ""Content Logical Definition"" (CLD).","","","","","","","","","",,,,,"",,,,"ValueSet.compose",0,1,"vsd-5
","ele-1:All FHIR elements must have a @value or children {children().count() > id.count()}
"
"ValueSet.compose.id","","","",0,1,"","","","string
","xml:id (or equivalent in JSON)","unique id for the element within a resource (for internal references). This may be any string value that does not contain spaces.","","","","","","","","","",,,,,"",,,,"Element.id",0,1,"","","n/a"
"ValueSet.compose.extension","","extensions
user content","",0,*,"","","","Extension
","Additional Content defined by implementations","May be used to represent additional information that is not part of the basic definition of the element. In order to make the use of extensions safe and manageable, there is a strict set of governance  applied to the definition and use of extensions. Though any implementer is allowed to define an extension, there is a set of requirements that SHALL be met as part of the definition of the extension.","There can be no stigma associated with the use of extensions by any application, project, or standard - regardless of the institution or jurisdiction that uses or defines the extensions.  The use of extensions is what allows the FHIR specification to retain a core level of simplicity for everyone.","","","","","","","","",,,,,"",,,,"Element.extension",0,*,"","","n/a"
"ValueSet.compose.modifierExtension","","extensions
user contentmodifiers","",0,*,"","Y","Y","Extension
","Extensions that cannot be ignored","May be used to represent additional information that is not part of the basic definition of the element, and that modifies the understanding of the element that contains it. Usually modifier elements provide negation or qualification. In order to make the use of extensions safe and manageable, there is a strict set of governance applied to the definition and use of extensions. Though any implementer is allowed to define an extension, there is a set of requirements that SHALL be met as part of the definition of the extension. Applications processing a resource are required to check for modifier extensions.","There can be no stigma associated with the use of extensions by any application, project, or standard - regardless of the institution or jurisdiction that uses or defines the extensions.  The use of extensions is what allows the FHIR specification to retain a core level of simplicity for everyone.","","","","","","","","",,,,,"",,,,"BackboneElement.modifierExtension",0,*,"","","N/A"
"ValueSet.compose.lockedDate","","","",0,1,"Y","","Y","date
","Fixed date for version-less references (transitive)","If a locked date is defined, then the Content Logical Definition must be evaluated using the current version as of the locked date for referenced code system(s) and value set instances where ValueSet.compose.include.version is not defined.","With a defined lockedDate the value set is considered ""Locked"". Otherwise, the value set may have different expansions as underlying code systems and/or value sets evolve.  The interpretation of lockedDate is often dependent on the context - e.g. a SNOMED CT derived value set with a lockedDate will have a different expansion in USA than in UK.  If a value set specifies a version for include and exclude statements, and also specifies a locked date, the specified versions need to be available that date, or the value set will not be usable.","","","","","","","","",,,,,"",,,,"ValueSet.compose.lockedDate",0,1,"","","when.init"
"ValueSet.compose.inactive","","","",0,1,"Y","","Y","boolean
","Whether inactive codes are in the value set","Whether inactive codes - codes that are not approved for current use - are in the value set. If inactive = true, inactive codes are to be included in the expansion, if inactive = false, the inactive codes will not be included in the expansion. If absent, the behavior is determined by the implementation, or by the applicable ExpansionProfile (but generally, inactive codes would be expected to be included).","Note that in the FHIR terminology framework, ""deprecated"" does not mean inactive, but in some code systems (e.g. LOINC, deprecated means inactive). Code systems should define what codes are considered to be inactive. If this is not clearly defined (including in the FHIR code system resource), then all codes are assumed to be active.","","","","","","","","",,,,,"",,,,"ValueSet.compose.inactive",0,1,"",""
"ValueSet.compose.include","","","",1,*,"Y","","Y","BackboneElement
","Include one or more codes from a code system or other value set(s)","Include one or more codes from a code system or other value set(s).","All the conditions in an include must be true. If a system is listed, all the codes from the system are listed. If one or more filters are listed, all of the filters must apply. If one or more value sets are listed, the codes must be in all the value sets. E.g. each include is 'include all the codes that meet all these conditions'.","","","","","","","","",,,,,"",,,,"ValueSet.compose.include",1,*,"","ele-1:All FHIR elements must have a @value or children {children().count() > id.count()}
vsd-2:A value set with concepts or filters SHALL include a system {(concept.exists() or filter.exists()) implies system.exists()}vsd-3:Cannot have both concept and filter {concept.empty() or filter.empty()}vsd-1:A value set include/exclude SHALL have a value set or a system {valueSet.exists() or system.exists()}","N/A"
"ValueSet.compose.include.id","","","",0,1,"","","","string
","xml:id (or equivalent in JSON)","unique id for the element within a resource (for internal references). This may be any string value that does not contain spaces.","","","","","","","","","",,,,,"",,,,"Element.id",0,1,"","","n/a"
"ValueSet.compose.include.extension","","extensions
user content","",0,*,"","","","Extension
","Additional Content defined by implementations","May be used to represent additional information that is not part of the basic definition of the element. In order to make the use of extensions safe and manageable, there is a strict set of governance  applied to the definition and use of extensions. Though any implementer is allowed to define an extension, there is a set of requirements that SHALL be met as part of the definition of the extension.","There can be no stigma associated with the use of extensions by any application, project, or standard - regardless of the institution or jurisdiction that uses or defines the extensions.  The use of extensions is what allows the FHIR specification to retain a core level of simplicity for everyone.","","","","","","","","",,,,,"",,,,"Element.extension",0,*,"","","n/a"
"ValueSet.compose.include.modifierExtension","","extensions
user contentmodifiers","",0,*,"","Y","Y","Extension
","Extensions that cannot be ignored","May be used to represent additional information that is not part of the basic definition of the element, and that modifies the understanding of the element that contains it. Usually modifier elements provide negation or qualification. In order to make the use of extensions safe and manageable, there is a strict set of governance applied to the definition and use of extensions. Though any implementer is allowed to define an extension, there is a set of requirements that SHALL be met as part of the definition of the extension. Applications processing a resource are required to check for modifier extensions.","There can be no stigma associated with the use of extensions by any application, project, or standard - regardless of the institution or jurisdiction that uses or defines the extensions.  The use of extensions is what allows the FHIR specification to retain a core level of simplicity for everyone.","","","","","","","","",,,,,"",,,,"BackboneElement.modifierExtension",0,*,"","","N/A"
"ValueSet.compose.include.system","","","",0,1,"Y","","Y","uri
","The system the codes come from","An absolute URI which is the code system from which the selected codes come from.","If there are no codes or filters, the entire code system is included. Note that the set of codes that are included may contain abstract codes. See ''Coding.system'' for further documentation about the correct value for the system element.","","","","","","","","",,,,,"",,,,"ValueSet.compose.include.system",0,1,"vsd-1
vsd-2","","N/A","ODM/Study/MetaDataVersion/CodeList/ExternalCodeList/Href"
"ValueSet.compose.include.version","","","",0,1,"Y","","Y","string
","Specific version of the code system referred to","The version of the code system that the codes are selected from.","This is used when selecting the descendants of a concept - they may change between versions. If no version is specified, then the exact contents of the value set may not be known until a context of use binds it to a particular version.","","","","","","","","",,,,,"",,,,"ValueSet.compose.include.version",0,1,"","","N/A","ODM/Study/MetaDataVersion/CodeList/ExternalCodeList/Version"
"ValueSet.compose.include.concept","","","",0,*,"Y","","","BackboneElement
","A concept defined in the system","Specifies a concept to be included or excluded.","The list of concepts is considered ordered, though the order may not have any particular significance. Typically, the order of an expansion follows that defined in the compose element.","","","","","","","","",,,,,"",,,,"ValueSet.compose.include.concept",0,*,"vsd-3
","ele-1:All FHIR elements must have a @value or children {children().count() > id.count()}
","list_item/value","N/A"
"ValueSet.compose.include.concept.id","","","",0,1,"","","","string
","xml:id (or equivalent in JSON)","unique id for the element within a resource (for internal references). This may be any string value that does not contain spaces.","","","","","","","","","",,,,,"",,,,"Element.id",0,1,"","","n/a"
"ValueSet.compose.include.concept.extension","","","",0,*,"","","","Extension
","Extension","An Extension","","","","","","","","","",,,,,"","value:url}
","",,"open","Element.extension",0,*,"",""
"ValueSet.compose.include.concept.extension","conceptLabel","","",0,1,"Y","","","Extension {http://hl7.org/fhir/StructureDefinition/valueset-label}
","Extension","An Extension","","","","","","","","","",,,,,"",,,,"Element.extension",0,*,"ele-1
","ele-1:All FHIR elements must have a @value or children {children().count() > id.count()}
ext-1:Must have either extensions or value[x], not both {extension.exists() != value.exists()}","list_item/item_number/label"
"ValueSet.compose.include.concept.extension.id","","","",0,1,"","","","string
","xml:id (or equivalent in JSON)","unique id for the element within a resource (for internal references). This may be any string value that does not contain spaces.","","","","","","","","","",,,,,"",,,,"Element.id",0,1,"","","n/a"
"ValueSet.compose.include.concept.extension.extension","","extensions
user content","",0,*,"","","","Extension
","Additional Content defined by implementations","May be used to represent additional information that is not part of the basic definition of the element. In order to make the use of extensions safe and manageable, there is a strict set of governance  applied to the definition and use of extensions. Though any implementer is allowed to define an extension, there is a set of requirements that SHALL be met as part of the definition of the extension.","There can be no stigma associated with the use of extensions by any application, project, or standard - regardless of the institution or jurisdiction that uses or defines the extensions.  The use of extensions is what allows the FHIR specification to retain a core level of simplicity for everyone.","","","","","","","","",,,,,"","value:url}
","Extensions are always sliced by (at least) url",,"open","Element.extension",0,*,"","","n/a"
"ValueSet.compose.include.concept.extension.url","","","",1,1,"","","","uri
","identifies the meaning of the extension","Source of the definition for the extension code - a logical name or a URL.","The definition may point directly to a computable or human-readable definition of the extensibility codes, or it may be a logical URI as declared in some other specification. The definition SHALL be a URI for the Structure Definition defining the extension.","","","","<valueUri xmlns=""http://hl7.org/fhir"" value=""http://hl7.org/fhir/StructureDefinition/valueset-label""/>","","","","",,,,,"",,,,"Extension.url",1,1,"","","N/A"
"ValueSet.compose.include.concept.extension.valueString","","","",0,1,"","","","string
","Value of extension","Value of extension - may be a resource or one of a constrained set of the data types (see Extensibility in the spec for list).","","","","","","","","","",,,,,"",,,,"Extension.value[x]",0,1,"","","N/A"
"ValueSet.compose.include.concept.extension.valueString.id","","","",0,1,"","","","string
","xml:id (or equivalent in JSON)","unique id for the element within a resource (for internal references)","","","","","","","","","",,,,,"",,,,"Element.id",0,1,"",""
"ValueSet.compose.include.concept.extension.valueString.extension","","","",0,*,"","","","Extension
","Extension","An Extension","","","","","","","","","",,,,,"","value:url}
","",,"open","Element.extension",0,*,"",""
"ValueSet.compose.include.concept.extension.valueString.extension","code-renderingStyle","","",0,1,"","","","Extension {http://hl7.org/fhir/StructureDefinition/rendering-style}
","Extension","An Extension","","","","","","","","","",,,,,"",,,,"Element.extension",0,*,"ele-1
","ele-1:All FHIR elements must have a @value or children {children().count() > id.count()}
ext-1:Must have either extensions or value[x], not both {extension.exists() != value.exists()}","list_item/item_number/style"
"ValueSet.compose.include.concept.extension.valueString.extension","code-xhtml","","",0,1,"","","","Extension {http://hl7.org/fhir/StructureDefinition/rendering-xhtml}
","Extension","An Extension","","","","","","","","","",,,,,"",,,,"Element.extension",0,*,"ele-1
","ele-1:All FHIR elements must have a @value or children {children().count() > id.count()}
ext-1:Must have either extensions or value[x], not both {extension.exists() != value.exists()}","N/A"
"ValueSet.compose.include.concept.extension.valueString.value","","","",0,1,"","","","null
","Primitive value for string","The actual value","","","","","","","","","",1048576,,,,"",,,,"string.value",0,1,"",""
"ValueSet.compose.include.concept.extension","conceptConceptOrder","","",0,1,"Y","","","Extension {http://hl7.org/fhir/StructureDefinition/valueset-conceptOrder}
","Extension","An Extension","The presence of a sort order implies that sort order is important.","","","","","","","","",,,,,"",,,,"Element.extension",0,*,"ele-1
","ele-1:All FHIR elements must have a @value or children {children().count() > id.count()}
ext-1:Must have either extensions or value[x], not both {extension.exists() != value.exists()}","list_item/list_item_order"
"ValueSet.compose.include.concept.modifierExtension","","extensions
user contentmodifiers","",0,*,"","Y","Y","Extension
","Extensions that cannot be ignored","May be used to represent additional information that is not part of the basic definition of the element, and that modifies the understanding of the element that contains it. Usually modifier elements provide negation or qualification. In order to make the use of extensions safe and manageable, there is a strict set of governance applied to the definition and use of extensions. Though any implementer is allowed to define an extension, there is a set of requirements that SHALL be met as part of the definition of the extension. Applications processing a resource are required to check for modifier extensions.","There can be no stigma associated with the use of extensions by any application, project, or standard - regardless of the institution or jurisdiction that uses or defines the extensions.  The use of extensions is what allows the FHIR specification to retain a core level of simplicity for everyone.","","","","","","","","",,,,,"",,,,"BackboneElement.modifierExtension",0,*,"","","N/A"
"ValueSet.compose.include.concept.code","","","",1,1,"Y","","","code
","Code or expression from system","Specifies a code for the concept to be included or excluded.","Expressions are allowed if defined by the underlying code system.","","","","","","","","",,,,,"",,,,"ValueSet.compose.include.concept.code",1,1,"","","N/A"
"ValueSet.compose.include.concept.display","","","",0,1,"Y","","","string
","Text to display for this code for this value set in this valueset","The text to display to the user for this concept in the context of this valueset. If no display is provided, then applications using the value set use the display specified for the code by the system.","The value set resource allows for an alternative display to be specified for when this concept is used in this particular value set. See notes in the value set narrative about the correct use of this element.","","","","","","","","",,,,,"",,,,"ValueSet.compose.include.concept.display",0,1,"","","N/A"
"ValueSet.compose.include.concept.display.id","","","",0,1,"","","","string
","xml:id (or equivalent in JSON)","unique id for the element within a resource (for internal references)","","","","","","","","","",,,,,"",,,,"Element.id",0,1,"",""
"ValueSet.compose.include.concept.display.extension","","","",0,*,"","","","Extension
","Extension","An Extension","","","","","","","","","",,,,,"","value:url}
","",,"open","Element.extension",0,*,"",""
"ValueSet.compose.include.concept.display.extension","codeDisplay-renderingStyle","","",0,1,"","","","Extension {http://hl7.org/fhir/StructureDefinition/rendering-style}
","Extension","An Extension","","","","","","","","","",,,,,"",,,,"Element.extension",0,*,"ele-1
","ele-1:All FHIR elements must have a @value or children {children().count() > id.count()}
ext-1:Must have either extensions or value[x], not both {extension.exists() != value.exists()}"
"ValueSet.compose.include.concept.display.extension","codeDisplay-xhtml","","",0,1,"","","","Extension {http://hl7.org/fhir/StructureDefinition/rendering-xhtml}
","Extension","An Extension","","","","","","","","","",,,,,"",,,,"Element.extension",0,*,"ele-1
","ele-1:All FHIR elements must have a @value or children {children().count() > id.count()}
ext-1:Must have either extensions or value[x], not both {extension.exists() != value.exists()}","list_item/item_prompt_html"
"ValueSet.compose.include.concept.display.value","","","",0,1,"","","","null
","Primitive value for string","The actual value","","","","","","","","","",1048576,,,,"",,,,"string.value",0,1,"",""
"ValueSet.compose.include.concept.designation","","","",0,*,"","","","BackboneElement
","Additional representations for this concept","Additional representations for this concept when used in this value set - other languages, aliases, specialized purposes, used for particular purposes, etc.","","","","","","","","","",,,,,"",,,,"ValueSet.compose.include.concept.designation",0,*,"","ele-1:All FHIR elements must have a @value or children {children().count() > id.count()}
"
"ValueSet.compose.include.concept.designation.id","","","",0,1,"","","","string
","xml:id (or equivalent in JSON)","unique id for the element within a resource (for internal references). This may be any string value that does not contain spaces.","","","","","","","","","",,,,,"",,,,"Element.id",0,1,"","","n/a"
"ValueSet.compose.include.concept.designation.extension","","extensions
user content","",0,*,"","","","Extension
","Additional Content defined by implementations","May be used to represent additional information that is not part of the basic definition of the element. In order to make the use of extensions safe and manageable, there is a strict set of governance  applied to the definition and use of extensions. Though any implementer is allowed to define an extension, there is a set of requirements that SHALL be met as part of the definition of the extension.","There can be no stigma associated with the use of extensions by any application, project, or standard - regardless of the institution or jurisdiction that uses or defines the extensions.  The use of extensions is what allows the FHIR specification to retain a core level of simplicity for everyone.","","","","","","","","",,,,,"",,,,"Element.extension",0,*,"","","n/a"
"ValueSet.compose.include.concept.designation.modifierExtension","","extensions
user contentmodifiers","",0,*,"","Y","Y","Extension
","Extensions that cannot be ignored","May be used to represent additional information that is not part of the basic definition of the element, and that modifies the understanding of the element that contains it. Usually modifier elements provide negation or qualification. In order to make the use of extensions safe and manageable, there is a strict set of governance applied to the definition and use of extensions. Though any implementer is allowed to define an extension, there is a set of requirements that SHALL be met as part of the definition of the extension. Applications processing a resource are required to check for modifier extensions.","There can be no stigma associated with the use of extensions by any application, project, or standard - regardless of the institution or jurisdiction that uses or defines the extensions.  The use of extensions is what allows the FHIR specification to retain a core level of simplicity for everyone.","","","","","","","","",,,,,"",,,,"BackboneElement.modifierExtension",0,*,"","","N/A"
"ValueSet.compose.include.concept.designation.language","","","",0,1,"","","","code
","Human language of the designation","The language this designation is defined for.","In the absence of a language, the resource language applies.","","","","","","","","",,"extensible","A human language.","http://hl7.org/fhir/ValueSet/languages","",,,,"ValueSet.compose.include.concept.designation.language",0,1,"",""
"ValueSet.compose.include.concept.designation.use","","","",0,1,"","","","Coding
","Details how this designation would be used","A code that details how this designation would be used.","If no use is provided, the designation can be assumed to be suitable for general display to a human user.","","","","","","","","",,"extensible","Details of how a designation would be used.","http://hl7.org/fhir/ValueSet/designation-use","",,,,"ValueSet.compose.include.concept.designation.use",0,1,"",""
"ValueSet.compose.include.concept.designation.value","","","",1,1,"","","","string
","The text value for this designation","The text value for this designation.","","","","","","","","","",,,,,"",,,,"ValueSet.compose.include.concept.designation.value",1,1,"",""
"ValueSet.compose.include.filter","","","",0,*,"Y","Y","Y","BackboneElement
","Select codes/concepts by their properties (including relationships)","Select concepts by specify a matching criteria based on the properties (including relationships) defined by the system. If multiple filters are specified, they SHALL all be true.","Selecting codes by specifying filters based on properties is only possible where the underlying code system defines appropriate properties. Note that in some cases, the underlying code system defines the logical concepts but not the literal codes for the concepts. In such cases, the literal definitions may be provided by a third party.","","","","","","","","",,,,,"",,,,"ValueSet.compose.include.filter",0,*,"vsd-3
","ele-1:All FHIR elements must have a @value or children {children().count() > id.count()}
","N/A"
"ValueSet.compose.include.filter.id","","","",0,1,"","","","string
","xml:id (or equivalent in JSON)","unique id for the element within a resource (for internal references). This may be any string value that does not contain spaces.","","","","","","","","","",,,,,"",,,,"Element.id",0,1,"","","n/a"
"ValueSet.compose.include.filter.extension","","extensions
user content","",0,*,"","","","Extension
","Additional Content defined by implementations","May be used to represent additional information that is not part of the basic definition of the element. In order to make the use of extensions safe and manageable, there is a strict set of governance  applied to the definition and use of extensions. Though any implementer is allowed to define an extension, there is a set of requirements that SHALL be met as part of the definition of the extension.","There can be no stigma associated with the use of extensions by any application, project, or standard - regardless of the institution or jurisdiction that uses or defines the extensions.  The use of extensions is what allows the FHIR specification to retain a core level of simplicity for everyone.","","","","","","","","",,,,,"",,,,"Element.extension",0,*,"","","n/a"
"ValueSet.compose.include.filter.modifierExtension","","extensions
user contentmodifiers","",0,*,"","Y","Y","Extension
","Extensions that cannot be ignored","May be used to represent additional information that is not part of the basic definition of the element, and that modifies the understanding of the element that contains it. Usually modifier elements provide negation or qualification. In order to make the use of extensions safe and manageable, there is a strict set of governance applied to the definition and use of extensions. Though any implementer is allowed to define an extension, there is a set of requirements that SHALL be met as part of the definition of the extension. Applications processing a resource are required to check for modifier extensions.","There can be no stigma associated with the use of extensions by any application, project, or standard - regardless of the institution or jurisdiction that uses or defines the extensions.  The use of extensions is what allows the FHIR specification to retain a core level of simplicity for everyone.","","","","","","","","",,,,,"",,,,"BackboneElement.modifierExtension",0,*,"","","N/A"
"ValueSet.compose.include.filter.property","","","",1,1,"Y","","Y","code
","A property defined by the code system","A code that identifies a property defined in the code system.","","","","","","","","","",,,,,"",,,,"ValueSet.compose.include.filter.property",1,1,"","","N/A"
"ValueSet.compose.include.filter.op","","","",1,1,"Y","","Y","code
","= | is-a | descendent-of | is-not-a | regex | in | not-in | generalizes | exists","The kind of operation to perform as a part of the filter criteria.","","","","","","","","","",,"required","The kind of operation to perform as a part of a property based filter.","http://hl7.org/fhir/ValueSet/filter-operator","",,,,"ValueSet.compose.include.filter.op",1,1,"","","N/A"
"ValueSet.compose.include.filter.value","","","",1,1,"Y","","Y","code
","Code from the system, or regex criteria, or boolean value for exists","The match value may be either a code defined by the system, or a string value, which is a regex match on the literal string of the property value when the operation is 'regex', or one of the values (true and false), when the operation is 'exists'.","Use regex matching with care - full regex matching on every SNOMED CT term is prohibitive, for example.","","","","","","","","",,,,,"",,,,"ValueSet.compose.include.filter.value",1,1,"","","N/A"
"ValueSet.compose.include.valueSet","","","",0,*,"Y","","Y","uri
","Select only contents included in this value set","Selects concepts found in this value set. This is an absolute URI that is a reference to ValueSet.url.","The value set URI is either a logical reference to a defined value set such as a [SNOMED CT reference set]{snomedct.html#implicit}, or a direct reference to a value set definition using ValueSet.url. The reference may not refer to an actual FHIR ValueSet resource; in this case, whatever is referred to is an implicit definition of a value set that needs to be clear about how versions are resolved.","","","","","","","","",,,,,"",,,,"ValueSet.compose.include.valueSet",0,*,"vsd-1
","","N/A"
"ValueSet.compose.exclude","","","",0,*,"Y","","","","Explicitly exclude codes from a code system or other value sets","Exclude one or more codes from the value set based on code system filters and/or other value sets.","Usually this is used to selectively exclude codes that were included by subsumption in the inclusions. Any display names specified for the codes are ignored.","","","","","","","","",,,,,"",,,,"ValueSet.compose.exclude",0,*,"vsd-2
","","N/A"
"ValueSet.expansion","","","",0,1,"Y","","","BackboneElement
","Used when the value set is ""expanded""","A value set can also be ""expanded"", where the value set is turned into a simple collection of enumerated codes. This element holds the expansion, if it has been performed.","Expansion is performed to produce a collection of codes that are ready to use for data entry or validation.","","","","","","","","",,,,,"",,,,"ValueSet.expansion",0,1,"vsd-5
","ele-1:All FHIR elements must have a @value or children {children().count() > id.count()}
"
"ValueSet.expansion.id","","","",0,1,"","","","string
","xml:id (or equivalent in JSON)","unique id for the element within a resource (for internal references). This may be any string value that does not contain spaces.","","","","","","","","","",,,,,"",,,,"Element.id",0,1,"","","n/a"
"ValueSet.expansion.extension","","extensions
user content","",0,*,"","","","Extension
","Additional Content defined by implementations","May be used to represent additional information that is not part of the basic definition of the element. In order to make the use of extensions safe and manageable, there is a strict set of governance  applied to the definition and use of extensions. Though any implementer is allowed to define an extension, there is a set of requirements that SHALL be met as part of the definition of the extension.","There can be no stigma associated with the use of extensions by any application, project, or standard - regardless of the institution or jurisdiction that uses or defines the extensions.  The use of extensions is what allows the FHIR specification to retain a core level of simplicity for everyone.","","","","","","","","",,,,,"",,,,"Element.extension",0,*,"","","n/a"
"ValueSet.expansion.modifierExtension","","extensions
user contentmodifiers","",0,*,"","Y","Y","Extension
","Extensions that cannot be ignored","May be used to represent additional information that is not part of the basic definition of the element, and that modifies the understanding of the element that contains it. Usually modifier elements provide negation or qualification. In order to make the use of extensions safe and manageable, there is a strict set of governance applied to the definition and use of extensions. Though any implementer is allowed to define an extension, there is a set of requirements that SHALL be met as part of the definition of the extension. Applications processing a resource are required to check for modifier extensions.","There can be no stigma associated with the use of extensions by any application, project, or standard - regardless of the institution or jurisdiction that uses or defines the extensions.  The use of extensions is what allows the FHIR specification to retain a core level of simplicity for everyone.","","","","","","","","",,,,,"",,,,"BackboneElement.modifierExtension",0,*,"","","N/A"
"ValueSet.expansion.identifier","","","",1,1,"Y","","","uri
","Uniquely identifies this expansion","An identifier that uniquely identifies this expansion of the valueset. Systems may re-use the same identifier as long as the expansion and the definition remain the same, but are not required to do so.","Typically, this uri is a UUID (e.g. urn:uuid:8230ff20-c97a-4167-a59d-dc2cb9df16dd).","","","","","","","","",,,,,"",,,,"ValueSet.expansion.identifier",1,1,"",""
"ValueSet.expansion.timestamp","","","",1,1,"Y","","","dateTime
","Time ValueSet expansion happened","The time at which the expansion was produced by the expanding system.","This SHOULD be a fully populated instant, but in some circumstances, value sets are expanded by hand, and the expansion is published without that precision.","","","","","","","","",,,,,"",,,,"ValueSet.expansion.timestamp",1,1,"",""
"ValueSet.expansion.total","","","",0,1,"","","","integer
","Total number of codes in the expansion","The total number of concepts in the expansion. If the number of concept nodes in this resource is less than the stated number, then the server can return more using the offset parameter.","Paging only applies to flat expansions.","","","","","","","","",,,,,"",,,,"ValueSet.expansion.total",0,1,"",""
"ValueSet.expansion.offset","","","",0,1,"","","","integer
","Offset at which this resource starts","If paging is being used, the offset at which this resource starts.  I.e. this resource is a partial view into the expansion. If paging is not being used, this element SHALL not be present.","Paging only applies to flat expansions. If a filter is applied, the count is the number of concepts that matched the filter, not the number of concepts in an unfiltered view of the expansion.","","","Paging is not being used","","","","","",,,,,"",,,,"ValueSet.expansion.offset",0,1,"",""
"ValueSet.expansion.parameter","","","",0,*,"","","","BackboneElement
","Parameter that controlled the expansion process","A parameter that controlled the expansion process. These parameters may be used by users of expanded value sets to check whether the expansion is suitable for a particular purpose, or to pick the correct expansion.","The server decides which parameters to include here, but at a minimum, the list SHOULD include the date, filter, and profile parameters passed to the $expand operation (if any).","","","","","","","","",,,,,"",,,,"ValueSet.expansion.parameter",0,*,"","ele-1:All FHIR elements must have a @value or children {children().count() > id.count()}
"
"ValueSet.expansion.parameter.id","","","",0,1,"","","","string
","xml:id (or equivalent in JSON)","unique id for the element within a resource (for internal references). This may be any string value that does not contain spaces.","","","","","","","","","",,,,,"",,,,"Element.id",0,1,"","","n/a"
"ValueSet.expansion.parameter.extension","","extensions
user content","",0,*,"","","","Extension
","Additional Content defined by implementations","May be used to represent additional information that is not part of the basic definition of the element. In order to make the use of extensions safe and manageable, there is a strict set of governance  applied to the definition and use of extensions. Though any implementer is allowed to define an extension, there is a set of requirements that SHALL be met as part of the definition of the extension.","There can be no stigma associated with the use of extensions by any application, project, or standard - regardless of the institution or jurisdiction that uses or defines the extensions.  The use of extensions is what allows the FHIR specification to retain a core level of simplicity for everyone.","","","","","","","","",,,,,"",,,,"Element.extension",0,*,"","","n/a"
"ValueSet.expansion.parameter.modifierExtension","","extensions
user contentmodifiers","",0,*,"","Y","Y","Extension
","Extensions that cannot be ignored","May be used to represent additional information that is not part of the basic definition of the element, and that modifies the understanding of the element that contains it. Usually modifier elements provide negation or qualification. In order to make the use of extensions safe and manageable, there is a strict set of governance applied to the definition and use of extensions. Though any implementer is allowed to define an extension, there is a set of requirements that SHALL be met as part of the definition of the extension. Applications processing a resource are required to check for modifier extensions.","There can be no stigma associated with the use of extensions by any application, project, or standard - regardless of the institution or jurisdiction that uses or defines the extensions.  The use of extensions is what allows the FHIR specification to retain a core level of simplicity for everyone.","","","","","","","","",,,,,"",,,,"BackboneElement.modifierExtension",0,*,"","","N/A"
"ValueSet.expansion.parameter.name","","","",1,1,"","","","string
","Name as assigned by the server","The name of the parameter.","The names are assigned at the discretion of the server.","","","","","","","","",,,,,"",,,,"ValueSet.expansion.parameter.name",1,1,"",""
"ValueSet.expansion.parameter.value[x]","","","",0,1,"","","","string
booleanintegerdecimaluricode","Value of the named parameter","The value of the parameter.","","","","","","","","","",,,,,"",,,,"ValueSet.expansion.parameter.value[x]",0,1,"",""
"ValueSet.expansion.contains","","","",0,*,"Y","","","BackboneElement
","Codes in the value set","The codes that are contained in the value set expansion.","","","","","","","","","",,,,,"",,,,"ValueSet.expansion.contains",0,*,"","ele-1:All FHIR elements must have a @value or children {children().count() > id.count()}
vsd-6:SHALL have a code or a display {code.exists() or display.exists()}vsd-9:Must have a code if not abstract {code.exists() or abstract = true}vsd-10:Must have a system if a code is present {code.empty() or system.exists()}","list_item"
"ValueSet.expansion.contains.id","","","",0,1,"","","","string
","xml:id (or equivalent in JSON)","unique id for the element within a resource (for internal references). This may be any string value that does not contain spaces.","","","","","","","","","",,,,,"",,,,"Element.id",0,1,"","","n/a"
"ValueSet.expansion.contains.extension","","","",0,*,"","","","Extension
","Extension","An Extension","","","","","","","","","",,,,,"","value:url}
","",,"open","Element.extension",0,*,"",""
"ValueSet.expansion.contains.extension","expansionLabel","","",0,1,"Y","","","Extension {http://hl7.org/fhir/StructureDefinition/valueset-label}
","Extension","An Extension","","","","","","","","","",,,,,"",,,,"Element.extension",0,*,"ele-1
","ele-1:All FHIR elements must have a @value or children {children().count() > id.count()}
ext-1:Must have either extensions or value[x], not both {extension.exists() != value.exists()}","item_number/label"
"ValueSet.expansion.contains.extension.id","","","",0,1,"","","","string
","xml:id (or equivalent in JSON)","unique id for the element within a resource (for internal references). This may be any string value that does not contain spaces.","","","","","","","","","",,,,,"",,,,"Element.id",0,1,"","","n/a"
"ValueSet.expansion.contains.extension.extension","","extensions
user content","",0,*,"","","","Extension
","Additional Content defined by implementations","May be used to represent additional information that is not part of the basic definition of the element. In order to make the use of extensions safe and manageable, there is a strict set of governance  applied to the definition and use of extensions. Though any implementer is allowed to define an extension, there is a set of requirements that SHALL be met as part of the definition of the extension.","There can be no stigma associated with the use of extensions by any application, project, or standard - regardless of the institution or jurisdiction that uses or defines the extensions.  The use of extensions is what allows the FHIR specification to retain a core level of simplicity for everyone.","","","","","","","","",,,,,"","value:url}
","Extensions are always sliced by (at least) url",,"open","Element.extension",0,*,"","","n/a"
"ValueSet.expansion.contains.extension.url","","","",1,1,"","","","uri
","identifies the meaning of the extension","Source of the definition for the extension code - a logical name or a URL.","The definition may point directly to a computable or human-readable definition of the extensibility codes, or it may be a logical URI as declared in some other specification. The definition SHALL be a URI for the Structure Definition defining the extension.","","","","<valueUri xmlns=""http://hl7.org/fhir"" value=""http://hl7.org/fhir/StructureDefinition/valueset-label""/>","","","","",,,,,"",,,,"Extension.url",1,1,"","","N/A"
"ValueSet.expansion.contains.extension.valueString","","","",0,1,"","","","string
","Value of extension","Value of extension - may be a resource or one of a constrained set of the data types (see Extensibility in the spec for list).","","","","","","","","","",,,,,"",,,,"Extension.value[x]",0,1,"","","N/A"
"ValueSet.expansion.contains.extension.valueString.id","","","",0,1,"","","","string
","xml:id (or equivalent in JSON)","unique id for the element within a resource (for internal references)","","","","","","","","","",,,,,"",,,,"Element.id",0,1,"",""
"ValueSet.expansion.contains.extension.valueString.extension","","","",0,*,"","","","Extension
","Extension","An Extension","","","","","","","","","",,,,,"","value:url}
","",,"open","Element.extension",0,*,"",""
"ValueSet.expansion.contains.extension.valueString.extension","expansion-renderingStyle","","",0,1,"","","","Extension {http://hl7.org/fhir/StructureDefinition/rendering-style}
","Extension","An Extension","","","","","","","","","",,,,,"",,,,"Element.extension",0,*,"ele-1
","ele-1:All FHIR elements must have a @value or children {children().count() > id.count()}
ext-1:Must have either extensions or value[x], not both {extension.exists() != value.exists()}","item_number/style"
"ValueSet.expansion.contains.extension.valueString.extension","expansion-xhtml","","",0,1,"","","","Extension {http://hl7.org/fhir/StructureDefinition/rendering-xhtml}
","Extension","An Extension","","","","","","","","","",,,,,"",,,,"Element.extension",0,*,"ele-1
","ele-1:All FHIR elements must have a @value or children {children().count() > id.count()}
ext-1:Must have either extensions or value[x], not both {extension.exists() != value.exists()}","N/A"
"ValueSet.expansion.contains.extension.valueString.value","","","",0,1,"","","","null
","Primitive value for string","The actual value","","","","","","","","","",1048576,,,,"",,,,"string.value",0,1,"",""
"ValueSet.expansion.contains.extension","conceptConceptOrder","","",0,1,"Y","","","Extension {http://hl7.org/fhir/StructureDefinition/valueset-conceptOrder}
","Extension","An Extension","The presence of a sort order implies that sort order is important.","","","","","","","","",,,,,"",,,,"Element.extension",0,*,"ele-1
","ele-1:All FHIR elements must have a @value or children {children().count() > id.count()}
ext-1:Must have either extensions or value[x], not both {extension.exists() != value.exists()}","list_item_order"
"ValueSet.expansion.contains.modifierExtension","","extensions
user contentmodifiers","",0,*,"","Y","Y","Extension
","Extensions that cannot be ignored","May be used to represent additional information that is not part of the basic definition of the element, and that modifies the understanding of the element that contains it. Usually modifier elements provide negation or qualification. In order to make the use of extensions safe and manageable, there is a strict set of governance applied to the definition and use of extensions. Though any implementer is allowed to define an extension, there is a set of requirements that SHALL be met as part of the definition of the extension. Applications processing a resource are required to check for modifier extensions.","There can be no stigma associated with the use of extensions by any application, project, or standard - regardless of the institution or jurisdiction that uses or defines the extensions.  The use of extensions is what allows the FHIR specification to retain a core level of simplicity for everyone.","","","","","","","","",,,,,"",,,,"BackboneElement.modifierExtension",0,*,"","","N/A"
"ValueSet.expansion.contains.system","","","",0,1,"Y","","","uri
","System value for the code","An absolute URI which is the code system in which the code for this item in the expansion is defined.","","","","","","","","","",,,,,"",,,,"ValueSet.expansion.contains.system",0,1,"",""
"ValueSet.expansion.contains.abstract","","","",0,1,"Y","","","boolean
","If user cannot select this entry","If true, this entry is included in the expansion for navigational purposes, and the user cannot select the code directly as a proper value.","This should not be understood to exclude its use for searching (e.g. by subsumption testing). The client should know whether it is appropriate for the user to select an abstract code or not.","","<valueBoolean xmlns=""http://hl7.org/fhir"" value=""false""/>","","","","","","",,,,,"",,,,"ValueSet.expansion.contains.abstract",0,1,"",""
"ValueSet.expansion.contains.inactive","","","",0,1,"","","","boolean
","If concept is inactive in the code system","If the concept is inactive in the code system that defines it. Inactive codes are those that are no longer to be used, but are maintained by the code system for understanding legacy data.","This should only have a value if the concept is inactive.","","<valueBoolean xmlns=""http://hl7.org/fhir"" value=""false""/>","","","","","","",,,,,"",,,,"ValueSet.expansion.contains.inactive",0,1,"",""
"ValueSet.expansion.contains.version","","","",0,1,"Y","","","string
","Version in which this code/display is defined","The version of this code system that defined this code and/or display. This should only be used with code systems that do not enforce concept permanence.","The exact value of the version string is specified by the system from which the code is derived.","","","","","","","","",,,,,"",,,,"ValueSet.expansion.contains.version",0,1,"",""
"ValueSet.expansion.contains.code","","","",0,1,"Y","","","code
","Code - if blank, this is not a selectable code","The code for this item in the expansion hierarchy. If this code is missing the entry in the hierarchy is a place holder (abstract) and does not represent a valid code in the value set.","","","","","","","","","",,,,,"",,,,"ValueSet.expansion.contains.code",0,1,"vsd-6
","","value"
"ValueSet.expansion.contains.display","","","",0,1,"Y","","","string
","User display for the concept","The recommended display for this item in the expansion.","","","","","","","","","",,,,,"",,,,"ValueSet.expansion.contains.display",0,1,"vsd-6
","","item_prompt"
"ValueSet.expansion.contains.display.id","","","",0,1,"","","","string
","xml:id (or equivalent in JSON)","unique id for the element within a resource (for internal references)","","","","","","","","","",,,,,"",,,,"Element.id",0,1,"",""
"ValueSet.expansion.contains.display.extension","","","",0,*,"","","","Extension
","Extension","An Extension","","","","","","","","","",,,,,"","value:url}
","",,"open","Element.extension",0,*,"",""
"ValueSet.expansion.contains.display.extension","expansionDisplay-renderingStyle","","",0,1,"","","","Extension {http://hl7.org/fhir/StructureDefinition/rendering-style}
","Extension","An Extension","","","","","","","","","",,,,,"",,,,"Element.extension",0,*,"ele-1
","ele-1:All FHIR elements must have a @value or children {children().count() > id.count()}
ext-1:Must have either extensions or value[x], not both {extension.exists() != value.exists()}"
"ValueSet.expansion.contains.display.extension","expansionDisplay-xhtml","","",0,1,"","","","Extension {http://hl7.org/fhir/StructureDefinition/rendering-xhtml}
","Extension","An Extension","","","","","","","","","",,,,,"",,,,"Element.extension",0,*,"ele-1
","ele-1:All FHIR elements must have a @value or children {children().count() > id.count()}
ext-1:Must have either extensions or value[x], not both {extension.exists() != value.exists()}","item_prompt_html"
"ValueSet.expansion.contains.display.value","","","",0,1,"","","","null
","Primitive value for string","The actual value","","","","","","","","","",1048576,,,,"",,,,"string.value",0,1,"",""
"ValueSet.expansion.contains.designation","","","",0,*,"","","","","Additional representations for this item","Additional representations for this item - other languages, aliases, specialized purposes, used for particular purposes, etc. These are relevant when the conditions of the expansion do not fix to a single correct representation.","The designations provided must be based on the value set and code system definitions.","","","","","","","","",,,,,"",,,,"ValueSet.expansion.contains.designation",0,*,"",""
"ValueSet.expansion.contains.contains","","","",0,*,"Y","","","","Codes contained under this entry","Other codes and entries contained under this entry in the hierarchy.","If the expansion uses this element, there is  no implication about the logical relationship between them, and the  structure cannot be used for logical inferencing. The structure  exists to provide navigational assistance for helping human users to  locate codes in the expansion.","","","","","","","","",,,,,"",,,,"ValueSet.expansion.contains.contains",0,*,"",""
